datetime,Open,High,Low,Close,Volume,Close time,Quote asset volume,Number of trades,Taker buy base asset volume,Taker buy quote asset volume,Ignore,Funding rate,openinterest,symbol
2024-12-01 00:00:00,96407.99,96672.49,96260.0,96340.6,532.95388,1733014799999,51410648.796134,154693,246.27919,23756467.1020911,0,0.00012063,0,BTCUSDT
2024-12-01 01:00:00,96340.61,96516.0,96044.21,96106.62,756.83521,1733018399999,72903934.1627258,171501,273.29283,26324707.7217942,0,0.0,0,BTCUSDT
2024-12-01 02:00:00,96106.62,96518.88,95693.88,95776.22,1892.57481,1733021999999,181924955.1524688,299382,846.69151,81416187.5952797,0,0.0,0,BTCUSDT
2024-12-01 03:00:00,95776.22,96441.72,95770.03,96336.75,439.67101,1733025599999,42280948.2767172,134345,241.78429,23248405.7398342,0,0.0,0,BTCUSDT
2024-12-01 04:00:00,96336.76,96515.52,96195.99,96515.52,425.10396,1733029199999,40949246.5687405,96234,266.74539,25696955.8722878,0,0.0,0,BTCUSDT
2024-12-01 05:00:00,96515.51,96515.51,96284.51,96308.83,342.77205,1733032799999,33051773.1004783,104284,113.13367,10909072.6884779,0,0.0,0,BTCUSDT
2024-12-01 06:00:00,96308.82,96483.98,96284.52,96327.66,284.94834,1733036399999,27468408.2330425,65621,128.24562,12363314.081152,0,0.0,0,BTCUSDT
2024-12-01 07:00:00,96327.65,96490.62,96299.1,96472.97,232.07707,1733039999999,22373320.9784138,67765,111.136,10713801.1032674,0,0.0,0,BTCUSDT
2024-12-01 08:00:00,96472.97,97179.04,96424.99,97048.01,1566.85489,1733043599999,151897152.7326182,240066,819.54099,79429890.7915794,0,0.00015900999999999998,0,BTCUSDT
2024-12-01 09:00:00,97048.0,97098.53,96853.82,97030.15,447.52809,1733047199999,43383082.9298822,92024,199.98495,19386922.946964,0,0.0,0,BTCUSDT
2024-12-01 10:00:00,97030.15,97036.0,96535.87,96811.99,372.85396,1733050799999,36088601.9501539,89368,142.03576,13744751.3380603,0,0.0,0,BTCUSDT
2024-12-01 11:00:00,96811.99,97140.0,96811.99,97108.89,416.13015,1733054399999,40366674.9924926,89293,232.22275,22525014.4728266,0,0.0,0,BTCUSDT
2024-12-01 12:00:00,97108.89,97130.56,96774.48,96774.49,619.3967,1733057999999,60068114.7190343,125144,239.91096,23261896.9470994,0,0.0,0,BTCUSDT
2024-12-01 13:00:00,96774.48,97388.78,96660.88,97071.93,1269.18144,1733061599999,123193064.8091273,200987,667.4716,64826792.4508343,0,0.0,0,BTCUSDT
2024-12-01 14:00:00,97071.93,97332.88,96968.25,97289.78,723.39318,1733065199999,70284321.5900636,181254,341.10705,33142564.933016,0,0.0,0,BTCUSDT
2024-12-01 15:00:00,97289.77,97311.95,96960.51,97028.02,648.10982,1733068799999,62957093.2582154,225872,249.81008,24268205.9127031,0,0.0,0,BTCUSDT
2024-12-01 16:00:00,97028.02,97333.0,97000.0,97187.98,1175.84041,1733072399999,114278933.3075083,144044,695.55339,67584472.2880477,0,0.00019581,0,BTCUSDT
2024-12-01 17:00:00,97187.98,97299.98,97035.02,97299.97,499.07351,1733075999999,48484898.8461306,105189,233.47243,22679158.4144025,0,0.0,0,BTCUSDT
2024-12-01 18:00:00,97299.97,97523.41,97095.23,97118.69,690.43406,1733079599999,67225357.4103207,103684,374.78991,36499943.6025396,0,0.0,0,BTCUSDT
2024-12-01 19:00:00,97118.69,97306.59,96958.48,97178.73,602.77541,1733083199999,58542737.3729457,121658,287.68674,27941801.4343385,0,0.0,0,BTCUSDT
2024-12-01 20:00:00,97178.73,97200.0,96800.01,97099.99,608.28813,1733086799999,58975216.2697615,135584,243.31139,23594996.6321392,0,0.0,0,BTCUSDT
2024-12-01 21:00:00,97099.99,97780.0,97052.16,97767.62,672.45318,1733090399999,65529069.0500958,106500,399.15499,38898126.2341891,0,0.0,0,BTCUSDT
2024-12-01 22:00:00,97767.61,97836.0,97384.0,97562.56,769.6421,1733093999999,75083886.4813194,104781,321.89357,31406725.3939127,0,0.0,0,BTCUSDT
2024-12-01 23:00:00,97562.56,97771.04,97170.5,97185.18,949.71316,1733097599999,92606185.6178302,182927,439.64063,42868864.4968011,0,0.0,0,BTCUSDT
2024-12-02 00:00:00,97185.17,97613.08,97068.84,97436.75,1101.06797,1733101199999,107157635.9318181,330525,591.12355,57531326.7765036,0,0.0001,0,BTCUSDT
2024-12-02 00:00:00,97185.17,97613.08,97068.84,97436.75,1101.06797,1733101199999,107157635.9318181,330525,591.12355,57531326.7765036,0,0.0001,0,BTCUSDT
2024-12-02 01:00:00,97436.75,98130.0,97405.26,97964.93,1944.92206,1733104799999,190207313.03015393,299619,1204.59749,117806925.4293144,0,0.0,0,BTCUSDT
2024-12-02 02:00:00,97964.93,98050.0,97445.87,97644.76,911.50431,1733108399999,89020675.2165968,215414,368.03609,35944652.2465572,0,0.0,0,BTCUSDT
2024-12-02 03:00:00,97644.75,97662.6,96350.0,96483.75,1435.45466,1733111999999,139365982.9790051,292057,529.64603,51412547.5644796,0,0.0,0,BTCUSDT
2024-12-02 04:00:00,96483.75,96841.27,96077.0,96708.0,2113.72725,1733115599999,203819731.70533568,425879,1166.31597,112471056.5354807,0,0.0,0,BTCUSDT
2024-12-02 05:00:00,96708.0,96924.0,96349.01,96359.99,704.32952,1733119199999,68087069.4955266,192573,288.56226,27894536.8216549,0,0.0,0,BTCUSDT
2024-12-02 06:00:00,96359.99,96434.02,96141.43,96279.99,774.11264,1733122799999,74515662.6597223,176051,347.53154,33454321.2798475,0,0.0,0,BTCUSDT
2024-12-02 07:00:00,96279.99,96465.38,95749.97,95999.99,1786.28249,1733126399999,171482587.1770673,244182,838.60803,80505343.5150308,0,0.0,0,BTCUSDT
2024-12-02 08:00:00,95999.99,96112.0,94872.0,95053.66,2561.69785,1733129999999,244023658.6383068,488010,1096.91536,104456278.9189927,0,0.00025726,0,BTCUSDT
2024-12-02 09:00:00,95053.66,95546.21,94967.32,95493.18,1323.54796,1733133599999,126068786.416259,355109,793.50067,75585138.4962842,0,0.0,0,BTCUSDT
2024-12-02 10:00:00,95492.81,95496.75,94820.41,94972.01,1297.52641,1733137199999,123362050.2606796,362957,607.59833,57769035.6894795,0,0.0,0,BTCUSDT
2024-12-02 11:00:00,94972.01,95332.8,94868.33,95128.68,1117.08285,1733140799999,106262751.321419,274645,586.07613,55753964.1276989,0,0.0,0,BTCUSDT
2024-12-02 12:00:00,95128.67,95407.64,94766.0,94972.02,1125.17789,1733144399999,107016382.7142518,204649,516.57476,49140315.2631664,0,0.0,0,BTCUSDT
2024-12-02 13:00:00,94972.03,95822.61,94837.77,95679.99,1636.29258,1733147999999,156317361.3943711,343290,829.93764,79279043.6240924,0,0.0,0,BTCUSDT
2024-12-02 14:00:00,95679.99,96814.73,95501.0,96321.27,2094.23553,1733151599999,201511905.0311576,408208,1052.18495,101228973.3173186,0,0.0,0,BTCUSDT
2024-12-02 15:00:00,96321.27,97214.77,95701.53,97048.0,3441.97446,1733155199999,332889122.3154174,529167,1789.20836,173127806.3431255,0,0.0,0,BTCUSDT
2024-12-02 16:00:00,97048.01,97356.69,96000.0,96167.46,2585.99366,1733158799999,250051000.65250888,484767,1158.77226,112063332.2704301,0,0.00024555,0,BTCUSDT
2024-12-02 17:00:00,96167.45,96573.0,94395.0,94604.03,3311.66979,1733162399999,316154122.6161774,584493,1437.768,137321558.1362815,0,0.0,0,BTCUSDT
2024-12-02 18:00:00,94604.03,95839.44,94488.0,95646.14,1728.47693,1733165999999,164758178.4113726,353727,913.22837,87039976.3913841,0,0.0,0,BTCUSDT
2024-12-02 19:00:00,95646.13,95856.4,95157.12,95816.0,1170.85264,1733169599999,111812938.7305288,241518,579.24804,55324588.9467955,0,0.0,0,BTCUSDT
2024-12-02 20:00:00,95816.01,96327.87,95451.33,95666.66,1146.95152,1733173199999,110031986.6611983,241865,538.05199,51612214.8445317,0,0.0,0,BTCUSDT
2024-12-02 21:00:00,95666.66,95754.64,95345.05,95406.88,775.05733,1733176799999,74048934.2608654,235268,381.39681,36438501.8655769,0,0.0,0,BTCUSDT
2024-12-02 22:00:00,95406.88,95529.34,95112.01,95372.0,824.11254,1733180399999,78586369.1392485,147393,485.55313,46301508.8212563,0,0.0,0,BTCUSDT
2024-12-02 23:00:00,95372.0,95869.28,95328.0,95840.62,1046.61897,1733183999999,100087414.9785998,128737,721.49751,68995608.6653011,0,0.0,0,BTCUSDT
2024-12-03 00:00:00,95840.61,96105.26,95680.0,95804.03,1319.66771,1733187599999,126545694.4748822,185403,754.6937,72371970.9117927,0,0.00013387,0,BTCUSDT
2024-12-03 00:00:00,95840.61,96105.26,95680.0,95804.03,1319.66771,1733187599999,126545694.4748822,185403,754.6937,72371970.9117927,0,0.00013387,0,BTCUSDT
2024-12-03 01:00:00,95804.04,95920.64,95454.54,95524.08,758.47935,1733191199999,72557510.5674828,159258,321.84315,30787042.5360356,0,0.0,0,BTCUSDT
2024-12-03 02:00:00,95524.08,96305.52,95400.0,96035.49,1027.42213,1733194799999,98535745.4181781,141327,505.41444,48466741.7492788,0,0.0,0,BTCUSDT
2024-12-03 03:00:00,96035.48,96210.42,95916.02,96079.36,565.82005,1733198399999,54358176.1527912,88682,295.326,28370294.1447395,0,0.0,0,BTCUSDT
2024-12-03 04:00:00,96079.36,96220.0,95900.0,95920.64,580.79822,1733201999999,55794173.4636235,92214,241.09,23159062.8771532,0,0.0,0,BTCUSDT
2024-12-03 05:00:00,95920.64,96168.0,95848.36,96155.18,572.94235,1733205599999,55014852.2997528,74677,272.18692,26139358.9983911,0,0.0,0,BTCUSDT
2024-12-03 06:00:00,96155.17,96238.1,95522.44,95632.22,1057.77004,1733209199999,101502271.404038,152659,403.17324,38676862.0981343,0,0.0,0,BTCUSDT
2024-12-03 07:00:00,95632.22,95721.95,95277.35,95550.0,1298.94713,1733212799999,124058226.1747687,281673,536.83187,51273041.776695,0,0.0,0,BTCUSDT
2024-12-03 08:00:00,95550.0,95662.94,95305.95,95528.0,816.04704,1733216399999,77916306.0939894,125077,355.15754,33913488.5886465,0,0.00012778,0,BTCUSDT
2024-12-03 09:00:00,95528.0,95539.69,95158.0,95256.01,767.73327,1733219999999,73143750.9082473,109904,313.76341,29892440.8806545,0,0.0,0,BTCUSDT
2024-12-03 10:00:00,95256.0,95482.63,94641.93,94697.9,1328.4358,1733223599999,126297104.5933646,160733,547.36499,52031123.6281485,0,0.0,0,BTCUSDT
2024-12-03 11:00:00,94697.9,95033.99,94595.38,94988.01,1144.2728,1733227199999,108491002.7126694,234822,633.49734,60063771.2014258,0,0.0,0,BTCUSDT
2024-12-03 12:00:00,94988.0,95005.67,94679.51,94813.58,959.39741,1733230799999,90995921.1427678,186972,453.02965,42969178.3135228,0,0.0,0,BTCUSDT
2024-12-03 13:00:00,94813.59,94871.23,93670.0,93715.98,3416.9354,1733234399999,322128078.5220009,426040,1480.22512,139530267.8503606,0,0.0,0,BTCUSDT
2024-12-03 14:00:00,93715.98,95448.97,93578.17,95235.25,5054.59198,1733237999999,476772710.7525973,621474,2738.77928,258354559.56636888,0,0.0,0,BTCUSDT
2024-12-03 15:00:00,95235.25,96250.0,95100.36,95682.54,4112.1537,1733241599999,393837213.6825662,552441,2036.61488,195084160.1608886,0,0.0,0,BTCUSDT
2024-12-03 16:00:00,95682.54,96169.99,94860.0,95112.0,2102.60918,1733245199999,201011101.0350212,351169,976.71221,93389751.1803176,0,0.00024926,0,BTCUSDT
2024-12-03 17:00:00,95112.0,95900.0,94882.83,95828.0,1569.70182,1733248799999,149602437.5130709,332551,836.09421,79700784.5717909,0,0.0,0,BTCUSDT
2024-12-03 18:00:00,95828.01,95828.01,95270.2,95481.15,1039.5062,1733252399999,99324242.1895316,200133,486.33032,46463928.7687267,0,0.0,0,BTCUSDT
2024-12-03 19:00:00,95481.15,95500.0,94939.77,95428.6,1225.15604,1733255999999,116676329.0767581,221124,632.03221,60185494.6899725,0,0.0,0,BTCUSDT
2024-12-03 20:00:00,95428.61,95680.0,95272.5,95615.06,1517.38179,1733259599999,144943404.9984899,177160,843.87071,80598708.7814158,0,0.0,0,BTCUSDT
2024-12-03 21:00:00,95615.06,96100.0,95545.82,96000.0,1544.87685,1733263199999,148124532.783399,183592,716.2351,68674478.2787907,0,0.0,0,BTCUSDT
2024-12-03 22:00:00,96000.01,96140.01,95644.44,96117.76,1005.4043,1733266799999,96458182.2428679,129467,477.73425,45834134.314734,0,0.0,0,BTCUSDT
2024-12-03 23:00:00,96117.76,96124.28,95811.31,95849.69,1041.27227,1733270399999,99906573.8157973,173160,481.11113,46160057.307611,0,0.0,0,BTCUSDT
2024-12-04 00:00:00,95849.69,96027.35,95572.18,95746.42,1163.38095,1733273999999,111477371.6250267,204875,553.9438,53075845.6434941,0,0.00011951,0,BTCUSDT
2024-12-04 00:00:00,95849.69,96027.35,95572.18,95746.42,1163.38095,1733273999999,111477371.6250267,204875,553.9438,53075845.6434941,0,0.00011951,0,BTCUSDT
2024-12-04 01:00:00,95746.41,96614.16,95449.98,96216.0,1710.49995,1733277599999,164215154.4507517,283162,925.98118,88923891.2865655,0,0.0,0,BTCUSDT
2024-12-04 02:00:00,96216.0,96223.34,95224.17,95788.0,1285.027,1733281199999,122907759.1907197,279427,574.60238,54944502.9034989,0,0.0,0,BTCUSDT
2024-12-04 03:00:00,95788.01,95896.0,95548.75,95770.32,629.40058,1733284799999,60266760.1590742,84317,274.66209,26294855.3892822,0,0.0,0,BTCUSDT
2024-12-04 04:00:00,95770.32,96050.1,95717.54,96024.8,676.25556,1733288399999,64829111.3288836,95613,346.57331,33223721.8673566,0,0.0,0,BTCUSDT
2024-12-04 05:00:00,96024.8,96480.23,96016.68,96480.22,743.85498,1733291999999,71608374.1185551,126084,361.07933,34758635.1599439,0,0.0,0,BTCUSDT
2024-12-04 06:00:00,96480.22,96714.41,96279.8,96539.68,1201.55961,1733295599999,115978118.2597643,194956,523.1303,50491425.6839068,0,0.0,0,BTCUSDT
2024-12-04 07:00:00,96539.69,96702.79,96404.54,96588.81,985.76728,1733299199999,95165108.4955551,151240,479.35591,46275931.7816415,0,0.0,0,BTCUSDT
2024-12-04 08:00:00,96588.81,96810.12,96524.4,96687.53,965.59916,1733302799999,93364632.9732535,128511,449.00988,43415629.7070808,0,0.00026634,0,BTCUSDT
2024-12-04 09:00:00,96687.53,96950.0,96661.53,96815.78,1046.92043,1733306399999,101381231.3397378,170828,474.41651,45938877.4406395,0,0.0,0,BTCUSDT
2024-12-04 10:00:00,96815.78,96836.1,96430.0,96512.0,875.0514,1733309999999,84554772.9171085,132688,327.01672,31603619.1813855,0,0.0,0,BTCUSDT
2024-12-04 11:00:00,96511.99,96512.0,96172.0,96190.41,892.53931,1733313599999,86001314.8101111,131770,434.70961,41887288.7299291,0,0.0,0,BTCUSDT
2024-12-04 12:00:00,96190.41,96277.71,95684.67,95967.98,1153.84025,1733317199999,110710076.707114,279197,536.44517,51471832.0030078,0,0.0,0,BTCUSDT
2024-12-04 13:00:00,95967.98,96011.61,95352.41,95665.51,1444.6641,1733320799999,138224770.8934066,296186,663.63118,63500960.0791933,0,0.0,0,BTCUSDT
2024-12-04 14:00:00,95665.51,96560.0,95456.37,95822.99,2471.04588,1733324399999,237185281.89500073,464183,1239.0669,118953507.4860862,0,0.0,0,BTCUSDT
2024-12-04 15:00:00,95822.99,96386.2,95411.47,95742.81,2889.64076,1733327999999,277215746.2777471,551132,1427.58104,136967219.1013553,0,0.0,0,BTCUSDT
2024-12-04 16:00:00,95742.8,95820.0,94587.83,94847.81,3483.10085,1733331599999,331059045.8339636,548107,1664.43698,158210289.9026133,0,0.00026254,0,BTCUSDT
2024-12-04 17:00:00,94847.81,95571.63,94685.51,95546.62,1754.08338,1733335199999,166724634.7577131,389054,895.91082,85147031.9412947,0,0.0,0,BTCUSDT
2024-12-04 18:00:00,95546.63,96225.48,95451.0,96111.01,1649.7421,1733338799999,158175597.8632403,296126,825.33003,79146338.5263807,0,0.0,0,BTCUSDT
2024-12-04 19:00:00,96111.01,97232.01,96043.65,97209.64,2580.08489,1733342399999,249353478.5668696,303470,1461.51914,141286245.0782181,0,0.0,0,BTCUSDT
2024-12-04 20:00:00,97209.64,99000.0,97128.52,98747.97,7370.81853,1733345999999,724804427.3626281,720666,4132.05654,406265045.35298634,0,0.0,0,BTCUSDT
2024-12-04 21:00:00,98747.96,98900.0,97416.59,97691.11,3022.15927,1733349599999,296940678.9547774,405036,1369.7602,134597783.98736,0,0.0,0,BTCUSDT
2024-12-04 22:00:00,97691.11,98598.0,97544.0,98174.61,1637.42365,1733353199999,160785021.1852092,196339,822.42614,80753650.8275648,0,0.0,0,BTCUSDT
2024-12-04 23:00:00,98174.6,99000.0,98164.01,98587.32,2218.07741,1733356799999,219066063.81989512,215757,1270.95596,125521842.9842151,0,0.0,0,BTCUSDT
2024-12-05 00:00:00,98587.32,98799.0,98212.53,98296.01,1885.73231,1733360399999,185763098.1944234,265860,917.01858,90334819.385599,0,0.00023233,0,BTCUSDT
2024-12-05 00:00:00,98587.32,98799.0,98212.53,98296.01,1885.73231,1733360399999,185763098.1944234,265860,917.01858,90334819.385599,0,0.00023233,0,BTCUSDT
2024-12-05 01:00:00,98296.01,98648.47,97888.89,98179.14,2159.70606,1733363999999,212203242.7223178,331980,1019.56886,100182210.601914,0,0.0,0,BTCUSDT
2024-12-05 02:00:00,98179.14,101616.22,98138.23,101248.19,13614.299579,1733367599999,1365272380.4435527,1002943,8298.354149,831597402.4428988,0,0.0,0,BTCUSDT
2024-12-05 03:00:00,101248.19,104088.0,101248.19,102964.0,12251.751483,1733371199999,1259925511.7078545,1181421,6134.523387,630664477.7631956,0,0.0,0,BTCUSDT
2024-12-05 04:00:00,102964.0,103544.71,102484.0,103339.96,4204.10271,1733374799999,432886845.2964488,526380,1917.58308,197446390.8457424,0,0.0,0,BTCUSDT
2024-12-05 05:00:00,103339.96,103455.13,101706.35,102450.01,3818.61708,1733378399999,392319751.24256337,379758,2087.40962,214403870.048176,0,0.0,0,BTCUSDT
2024-12-05 06:00:00,102450.01,102662.46,101421.59,101904.02,3820.02291,1733381999999,389486888.9091476,351342,2159.6305,220170358.1197355,0,0.0,0,BTCUSDT
2024-12-05 07:00:00,101904.02,102560.76,101324.16,102236.1,3087.83057,1733385599999,315040581.1934061,297974,1564.00319,159555773.1489409,0,0.0,0,BTCUSDT
2024-12-05 08:00:00,102236.1,102899.99,102236.1,102764.0,3813.37873,1733389199999,391240697.0379763,325839,2439.97205,250324270.6889347,0,0.00027625,0,BTCUSDT
2024-12-05 09:00:00,102764.01,103159.76,102565.63,102698.24,2204.40307,1733392799999,226643571.7296194,253541,1294.42394,133117935.5943748,0,0.0,0,BTCUSDT
2024-12-05 10:00:00,102698.25,102920.0,102260.0,102280.62,1591.37326,1733396399999,163215560.3835871,218600,661.62906,67874388.5555749,0,0.0,0,BTCUSDT
2024-12-05 11:00:00,102280.62,102672.84,102237.79,102566.91,1395.71099,1733399999999,142969605.7912125,170777,640.42619,65606172.1996624,0,0.0,0,BTCUSDT
2024-12-05 12:00:00,102566.91,103295.99,102452.95,102846.15,2215.64476,1733403599999,227821970.3997164,297355,1106.16723,113750205.0607358,0,0.0,0,BTCUSDT
2024-12-05 13:00:00,102846.16,103250.0,102684.73,102753.9,1851.85906,1733407199999,190690083.56242928,297994,955.47082,98389791.9596174,0,0.0,0,BTCUSDT
2024-12-05 14:00:00,102753.91,103550.0,102280.0,103507.99,3124.41507,1733410799999,321758395.973979,484332,1543.6597,158970610.7020794,0,0.0,0,BTCUSDT
2024-12-05 15:00:00,103508.0,103540.0,100925.97,101292.01,8058.89896,1733414399999,824406750.2139068,666572,4011.36005,410779271.4324575,0,0.0,0,BTCUSDT
2024-12-05 16:00:00,101292.0,101999.0,100568.02,101037.51,4508.84935,1733417999999,456881643.09306735,624393,2225.35732,225510899.62118313,0,0.00072446,0,BTCUSDT
2024-12-05 17:00:00,101037.5,101356.0,100533.41,101282.36,2414.13279,1733421599999,243683753.3277073,412259,1242.54681,125415265.118477,0,0.0,0,BTCUSDT
2024-12-05 18:00:00,101282.37,101521.14,100172.67,100179.24,3771.1155,1733425199999,380347971.7550964,424446,1822.27795,183802850.8717198,0,0.0,0,BTCUSDT
2024-12-05 19:00:00,100179.24,100932.0,98599.36,99028.0,4094.54231,1733428799999,408750690.0342183,547484,1870.6974,186846068.15942648,0,0.0,0,BTCUSDT
2024-12-05 20:00:00,99028.01,99424.0,97888.0,99072.84,5619.97633,1733432399999,554365404.5621864,820119,2621.5955,258675629.6510651,0,0.0,0,BTCUSDT
2024-12-05 21:00:00,99072.84,99479.72,98801.93,98908.02,1883.42416,1733435999999,186762648.24941528,303928,979.00385,97086430.9591433,0,0.0,0,BTCUSDT
2024-12-05 22:00:00,98908.01,99040.0,90500.0,96589.04,14364.88865,1733439599999,1373211392.5384076,1235251,6502.17986,622304877.595746,0,0.0,0,BTCUSDT
2024-12-05 23:00:00,96589.03,97457.55,95340.0,96945.63,4167.05397,1733443199999,402354503.7876916,591816,2220.21926,214361404.2370558,0,0.0,0,BTCUSDT
2024-12-06 00:00:00,96945.63,97757.51,95981.72,97551.99,3693.49758,1733446799999,358182941.4373122,410042,2020.8242,195991639.2909312,0,0.00047058999999999995,0,BTCUSDT
2024-12-06 00:00:00,96945.63,97757.51,95981.72,97551.99,3693.49758,1733446799999,358182941.4373122,410042,2020.8242,195991639.2909312,0,0.00047058999999999995,0,BTCUSDT
2024-12-06 01:00:00,97551.99,98828.7,97109.68,98118.38,3073.99532,1733450399999,301216369.3065516,335721,1760.10119,172543611.6376841,0,0.0,0,BTCUSDT
2024-12-06 02:00:00,98118.38,98161.07,97473.68,97589.74,1855.59169,1733453999999,181532787.27698767,267375,926.60591,90642598.3697707,0,0.0,0,BTCUSDT
2024-12-06 03:00:00,97589.75,97752.14,97186.27,97735.29,1879.69228,1733457599999,183179890.66617793,338724,871.66531,84927123.8124452,0,0.0,0,BTCUSDT
2024-12-06 04:00:00,97735.29,97972.85,97370.19,97877.5,917.85636,1733461199999,89689302.3049921,169582,419.27847,40972747.8734036,0,0.0,0,BTCUSDT
2024-12-06 05:00:00,97877.51,98266.66,97633.26,97864.01,1012.8073,1733464799999,99192854.6463729,190477,483.11087,47312626.7404924,0,0.0,0,BTCUSDT
2024-12-06 06:00:00,97864.02,98275.9,97755.09,98079.96,1155.86623,1733468399999,113305519.2159678,162115,512.76568,50262226.5599916,0,0.0,0,BTCUSDT
2024-12-06 07:00:00,98079.97,98288.0,97759.74,98138.54,1513.64496,1733471999999,148308472.5801822,173543,803.08528,78672963.3010564,0,0.0,0,BTCUSDT
2024-12-06 08:00:00,98138.53,98705.23,98013.93,98345.38,1621.63385,1733475599999,159632496.6301951,184956,861.75366,84833497.6258773,0,0.0001,0,BTCUSDT
2024-12-06 09:00:00,98345.38,98542.33,97927.22,98000.0,1586.98865,1733479199999,155829660.5051603,241130,747.06496,73360852.781683,0,0.0,0,BTCUSDT
2024-12-06 10:00:00,98000.0,98186.0,97622.86,98124.78,1357.01704,1733482799999,132854586.8711051,231219,525.93127,51491988.696831,0,0.0,0,BTCUSDT
2024-12-06 11:00:00,98124.79,98320.0,97812.42,98069.62,942.87343,1733486399999,92395416.3703738,180578,462.27039,45296259.2988775,0,0.0,0,BTCUSDT
2024-12-06 12:00:00,98069.61,98382.36,97512.26,97636.29,1273.05657,1733489999999,124732346.6146401,213148,467.43828,45820376.6552279,0,0.0,0,BTCUSDT
2024-12-06 13:00:00,97638.55,98913.46,97512.26,98591.99,2422.42538,1733493599999,238149785.1655365,476886,1347.69958,132503287.4429652,0,0.0,0,BTCUSDT
2024-12-06 14:00:00,98591.99,99483.81,98346.19,99481.69,3056.5731,1733497199999,302630347.5895078,502455,1432.13397,141803108.2823727,0,0.0,0,BTCUSDT
2024-12-06 15:00:00,99481.68,99483.81,98568.82,99309.99,2616.12535,1733500799999,259198502.16448233,441697,1075.38615,106547143.3185948,0,0.0,0,BTCUSDT
2024-12-06 16:00:00,99310.0,99500.0,98762.6,99004.07,1589.18851,1733504399999,157577836.2338368,353486,740.67914,73437794.7249135,0,0.00014633999999999998,0,BTCUSDT
2024-12-06 17:00:00,99004.06,101250.0,98882.58,100844.05,3287.63064,1733507999999,329861238.6866101,473862,1838.06514,184417404.27376312,0,0.0,0,BTCUSDT
2024-12-06 18:00:00,100844.06,101766.48,100588.23,101363.95,3318.42583,1733511599999,336098543.7280107,500417,1594.63804,161549336.765305,0,0.0,0,BTCUSDT
2024-12-06 19:00:00,101363.95,101799.0,101120.16,101439.99,1457.11119,1733515199999,147819446.0287606,250676,632.78995,64209143.6437665,0,0.0,0,BTCUSDT
2024-12-06 20:00:00,101439.99,101898.99,101056.0,101360.0,1587.73777,1733518799999,161297841.7429388,245160,664.45187,67513278.9287545,0,0.0,0,BTCUSDT
2024-12-06 21:00:00,101360.0,101449.99,100290.9,100372.01,1134.08609,1733522399999,114380423.2608616,190085,420.56332,42417550.4053009,0,0.0,0,BTCUSDT
2024-12-06 22:00:00,100372.01,100707.37,100357.68,100504.0,695.79652,1733525999999,69951647.135646,108523,369.36253,37132558.668443,0,0.0,0,BTCUSDT
2024-12-06 23:00:00,100504.0,100573.99,99053.03,99740.84,1999.91146,1733529599999,199623429.20223367,277245,1021.959,101986599.4549095,0,0.0,0,BTCUSDT
2024-12-07 00:00:00,99740.84,100406.15,99529.41,100272.01,912.55455,1733533199999,91313260.4824208,169591,442.61196,44284098.1283714,0,0.0001,0,BTCUSDT
2024-12-07 00:00:00,99740.84,100406.15,99529.41,100272.01,912.55455,1733533199999,91313260.4824208,169591,442.61196,44284098.1283714,0,0.0001,0,BTCUSDT
2024-12-07 01:00:00,100272.01,100428.0,99824.62,100044.31,666.65588,1733536799999,66731138.6190522,128049,282.08621,28237682.1069265,0,0.0,0,BTCUSDT
2024-12-07 02:00:00,100044.31,100169.42,99868.0,99930.01,423.24483,1733540399999,42344220.35879,93173,184.72701,18482261.5365206,0,0.0,0,BTCUSDT
2024-12-07 03:00:00,99930.01,99930.01,99285.71,99299.63,800.94309,1733543999999,79716101.7548187,119717,322.63534,32106288.7544268,0,0.0,0,BTCUSDT
2024-12-07 04:00:00,99299.64,99666.31,99025.01,99494.57,859.54997,1733547599999,85423258.6834819,125578,311.84141,30989978.7635262,0,0.0,0,BTCUSDT
2024-12-07 05:00:00,99494.58,99643.96,98844.0,99155.98,909.81086,1733551199999,90307855.9397233,114689,310.57589,30823045.8799764,0,0.0,0,BTCUSDT
2024-12-07 06:00:00,99155.99,99393.6,99060.12,99336.27,808.71363,1733554799999,80258777.7771745,101446,421.65063,41847965.2911388,0,0.0,0,BTCUSDT
2024-12-07 07:00:00,99336.28,99494.19,99108.0,99405.2,675.92852,1733558399999,67123948.5351171,119976,289.137,28712336.1659485,0,0.0,0,BTCUSDT
2024-12-07 08:00:00,99405.2,99561.44,99260.0,99414.76,498.53222,1733561999999,49574676.2231744,103294,234.92662,23361896.2143214,0,0.00031972,0,BTCUSDT
2024-12-07 09:00:00,99414.76,99821.83,99414.75,99676.48,558.38011,1733565599999,55619382.3261722,123133,323.18237,32190591.3690334,0,0.0,0,BTCUSDT
2024-12-07 10:00:00,99676.48,99708.43,99440.0,99529.5,795.39219,1733569199999,79175280.6783991,81696,374.91259,37318179.3599813,0,0.0,0,BTCUSDT
2024-12-07 11:00:00,99529.5,99750.0,99421.53,99620.0,437.99027,1733572799999,43593898.221302,64691,166.5918,16581245.9579379,0,0.0,0,BTCUSDT
2024-12-07 12:00:00,99620.0,99703.55,99364.0,99426.87,421.89864,1733576399999,42008317.1987371,82326,186.80039,18600359.9212372,0,0.0,0,BTCUSDT
2024-12-07 13:00:00,99426.88,99518.75,99304.0,99350.0,495.32597,1733579999999,49224455.8337889,92300,214.08803,21276481.9882682,0,0.0,0,BTCUSDT
2024-12-07 14:00:00,99350.0,99779.34,99036.01,99465.3,738.05732,1733583599999,73352845.419874,129266,362.0911,35997065.4337121,0,0.0,0,BTCUSDT
2024-12-07 15:00:00,99465.3,99800.0,99336.0,99756.01,753.80096,1733587199999,75037499.3781161,153672,374.2309,37252089.1817293,0,0.0,0,BTCUSDT
2024-12-07 16:00:00,99756.0,99799.99,99476.62,99621.56,503.9181,1733590799999,50193520.9989048,118037,209.28407,20849215.5016141,0,0.00012374,0,BTCUSDT
2024-12-07 17:00:00,99621.57,99717.8,99460.37,99631.97,416.16617,1733594399999,41435563.2149876,95215,182.66752,18186221.4665631,0,0.0,0,BTCUSDT
2024-12-07 18:00:00,99631.98,100263.64,99582.35,100123.32,722.0258,1733597999999,72131003.4945238,116078,412.24835,41189124.4678839,0,0.0,0,BTCUSDT
2024-12-07 19:00:00,100123.32,100262.35,99920.31,100077.45,615.47471,1733601599999,61632564.7731015,111533,267.14489,26753220.3107922,0,0.0,0,BTCUSDT
2024-12-07 20:00:00,100077.45,100380.72,100077.45,100313.57,439.41032,1733605199999,44038203.708769,101418,225.4036,22589007.4403883,0,0.0,0,BTCUSDT
2024-12-07 21:00:00,100313.57,100439.18,99700.0,99869.8,527.22024,1733608799999,52727258.9919615,123941,200.96297,20101570.0935912,0,0.0,0,BTCUSDT
2024-12-07 22:00:00,99869.81,100046.92,99595.11,99595.11,408.98144,1733612399999,40838111.6454331,67912,186.67553,18641692.3799219,0,0.0,0,BTCUSDT
2024-12-07 23:00:00,99595.12,100259.0,99595.11,99831.99,541.97011,1733615999999,54152702.5807222,97835,290.07382,28979043.5835241,0,0.0,0,BTCUSDT
2024-12-08 00:00:00,99831.99,99978.38,99632.28,99978.38,384.70173,1733619599999,38403080.1447539,93879,156.56295,15628577.4428237,0,0.0001409,0,BTCUSDT
2024-12-08 00:00:00,99831.99,99978.38,99632.28,99978.38,384.70173,1733619599999,38403080.1447539,93879,156.56295,15628577.4428237,0,0.0001409,0,BTCUSDT
2024-12-08 01:00:00,99978.38,100128.0,99669.01,99848.36,390.67541,1733623199999,39037281.6632435,103022,158.59033,15847584.2257883,0,0.0,0,BTCUSDT
2024-12-08 02:00:00,99848.35,100328.88,99750.17,100146.9,590.34251,1733626799999,59088860.1483476,107935,286.25511,28655212.4065233,0,0.0,0,BTCUSDT
2024-12-08 03:00:00,100146.91,100260.0,99912.0,99934.82,322.49487,1733630399999,32274561.1067906,84943,131.30401,13140669.6995076,0,0.0,0,BTCUSDT
2024-12-08 04:00:00,99934.83,100030.0,99694.66,99756.01,483.49842,1733633999999,48277453.689059,90520,222.09376,22176063.8794924,0,0.0,0,BTCUSDT
2024-12-08 05:00:00,99756.0,99783.56,99370.0,99534.26,431.31034,1733637599999,42948733.0776109,83427,178.71003,17795397.0406311,0,0.0,0,BTCUSDT
2024-12-08 06:00:00,99534.26,99803.32,99336.0,99675.96,397.06249,1733641199999,39544118.5036957,83458,158.82941,15818391.8726174,0,0.0,0,BTCUSDT
2024-12-08 07:00:00,99675.97,99863.35,99632.61,99675.11,278.48465,1733644799999,27778258.6074698,77148,119.35255,11906358.8377225,0,0.0,0,BTCUSDT
2024-12-08 08:00:00,99675.11,99687.85,98964.0,98980.01,668.22137,1733648399999,66349598.7105837,134099,220.05225,21853907.9938185,0,0.00016985,0,BTCUSDT
2024-12-08 09:00:00,98980.02,99300.0,98657.7,98884.02,890.41696,1733651999999,88160653.0216462,193494,352.60277,34915414.5801161,0,0.0,0,BTCUSDT
2024-12-08 10:00:00,98884.03,99409.02,98876.0,99249.22,525.53622,1733655599999,52150026.7996884,111068,277.29352,27512637.6173314,0,0.0,0,BTCUSDT
2024-12-08 11:00:00,99249.21,99844.28,99124.01,99701.16,473.22138,1733659199999,47122733.3174028,114187,260.87776,25976908.503223,0,0.0,0,BTCUSDT
2024-12-08 12:00:00,99701.17,100200.0,99452.0,99922.48,766.06693,1733662799999,76488924.2032129,165938,401.34278,40077265.037957,0,0.0,0,BTCUSDT
2024-12-08 13:00:00,99922.49,100500.0,99803.8,100408.8,993.73135,1733666399999,99546123.5007149,189784,496.18255,49712685.7570705,0,0.0,0,BTCUSDT
2024-12-08 14:00:00,100408.79,100426.1,99724.75,99726.73,784.39963,1733669999999,78512762.733508,138200,378.87781,37927941.9571728,0,0.0,0,BTCUSDT
2024-12-08 15:00:00,99726.72,99964.63,99357.16,99912.01,844.24534,1733673599999,84121517.5543172,206021,408.08571,40667668.0114077,0,0.0,0,BTCUSDT
2024-12-08 16:00:00,99912.01,100142.85,99733.15,99832.96,648.81492,1733677199999,64832525.0259667,160964,336.70973,33648436.313961,0,0.00016572,0,BTCUSDT
2024-12-08 17:00:00,99832.97,100000.0,99628.01,99943.98,477.73217,1733680799999,47692099.3962637,127067,210.09882,20973312.065441,0,0.0,0,BTCUSDT
2024-12-08 18:00:00,99943.99,100016.0,99563.83,99660.98,561.37841,1733684399999,56052759.4283006,119953,273.71079,27331669.9021476,0,0.0,0,BTCUSDT
2024-12-08 19:00:00,99660.99,100198.0,99480.0,100100.98,531.70789,1733687999999,53069868.0510814,114213,302.76338,30230122.9499349,0,0.0,0,BTCUSDT
2024-12-08 20:00:00,100100.99,100156.0,99800.0,99800.01,402.06692,1733691599999,40193216.3380737,118906,168.19932,16814388.0104971,0,0.0,0,BTCUSDT
2024-12-08 21:00:00,99800.01,100058.83,99736.06,100026.97,359.99203,1733695199999,35972502.4064031,75250,241.44829,24126182.1572583,0,0.0,0,BTCUSDT
2024-12-08 22:00:00,100026.98,100274.44,99879.21,100220.01,504.28845,1733698799999,50448063.741797,85196,304.489,30462622.9479178,0,0.0,0,BTCUSDT
2024-12-08 23:00:00,100220.01,101351.0,100088.98,101109.59,1902.60649,1733702399999,191511225.23221967,216037,1108.3691,111546319.7084746,0,0.0,0,BTCUSDT
2024-12-09 00:00:00,101109.6,101215.93,99347.98,99656.36,2258.99758,1733705999999,225952987.2549632,406177,1020.62064,102092627.8558933,0,0.0001758,0,BTCUSDT
2024-12-09 00:00:00,101109.6,101215.93,99347.98,99656.36,2258.99758,1733705999999,225952987.2549632,406177,1020.62064,102092627.8558933,0,0.0001758,0,BTCUSDT
2024-12-09 01:00:00,99656.36,99863.99,99390.0,99528.54,823.51766,1733709599999,82047862.9005227,239733,385.09644,38366683.125391,0,0.0,0,BTCUSDT
2024-12-09 02:00:00,99528.55,99721.56,99009.73,99195.89,1413.47378,1733713199999,140337127.3252764,202241,587.9394,58373676.3882263,0,0.0,0,BTCUSDT
2024-12-09 03:00:00,99195.89,99350.45,98432.18,99090.84,1635.58345,1733716799999,161856484.3653917,168286,749.08975,74178703.7137211,0,0.0,0,BTCUSDT
2024-12-09 04:00:00,99090.84,99459.61,98767.54,99427.99,1121.55117,1733720399999,111252164.7274603,160302,682.94455,67749289.4568845,0,0.0,0,BTCUSDT
2024-12-09 05:00:00,99428.0,99554.89,99324.0,99435.87,828.28925,1733723999999,82384689.7709647,99163,493.72282,49109193.0851646,0,0.0,0,BTCUSDT
2024-12-09 06:00:00,99435.87,99475.99,98856.02,99044.64,742.40929,1733727599999,73639532.8142274,151893,366.31785,36336353.4834128,0,0.0,0,BTCUSDT
2024-12-09 07:00:00,99044.64,99729.88,98328.0,99576.51,1948.804,1733731199999,192859896.8210558,342386,941.12194,93201490.8159209,0,0.0,0,BTCUSDT
2024-12-09 08:00:00,99576.51,99679.71,98808.0,98901.15,1450.14652,1733734799999,143990016.2495661,340412,645.12426,64059538.5270545,0,0.00030413,0,BTCUSDT
2024-12-09 09:00:00,98901.15,99099.99,98406.08,98406.08,1562.66715,1733738399999,154243907.6024332,383304,709.68751,70065080.9720443,0,0.0,0,BTCUSDT
2024-12-09 10:00:00,98406.08,98770.11,98272.04,98714.52,1334.96471,1733741999999,131457415.8764792,280835,610.4238,60117171.3521766,0,0.0,0,BTCUSDT
2024-12-09 11:00:00,98714.52,98714.52,98035.57,98088.47,1407.15762,1733745599999,138260458.4298598,291165,606.19789,59566721.1752376,0,0.0,0,BTCUSDT
2024-12-09 12:00:00,98088.47,98627.7,97948.01,98601.05,1508.07381,1733749199999,148233814.5907814,277397,760.84876,74814497.9032062,0,0.0,0,BTCUSDT
2024-12-09 13:00:00,98601.05,99211.58,98237.03,99004.03,1460.24803,1733752799999,144308135.8262731,283106,668.07051,66019759.4806664,0,0.0,0,BTCUSDT
2024-12-09 14:00:00,99004.03,100390.0,98856.0,100156.26,2487.20504,1733756399999,247822409.577343,384487,1216.1653,121214149.5361716,0,0.0,0,BTCUSDT
2024-12-09 15:00:00,100156.26,100421.8,97508.58,97812.0,5110.07575,1733759999999,503323440.0562459,748041,2366.39235,233003203.73219007,0,0.0,0,BTCUSDT
2024-12-09 16:00:00,97812.0,98398.0,97460.0,97844.06,2642.96173,1733763599999,258979909.06496447,465401,1323.80856,129726291.7262167,0,0.00021031999999999998,0,BTCUSDT
2024-12-09 17:00:00,97844.06,98240.0,97350.0,97368.04,1542.83473,1733767199999,150827792.7950077,328876,712.98409,69736487.2404535,0,0.0,0,BTCUSDT
2024-12-09 18:00:00,97368.05,98260.0,97365.48,97776.66,1546.89958,1733770799999,151488372.8979324,302608,850.66624,83297992.0610317,0,0.0,0,BTCUSDT
2024-12-09 19:00:00,97776.65,97776.66,97000.0,97070.32,1913.69602,1733774399999,186276076.60524872,327745,819.88996,79824709.7444357,0,0.0,0,BTCUSDT
2024-12-09 20:00:00,97070.33,97330.49,96111.0,96252.01,3713.47796,1733777999999,359389969.3490163,583752,1777.24095,172041414.595689,0,0.0,0,BTCUSDT
2024-12-09 21:00:00,96252.0,97572.52,94150.05,96892.0,8232.45482,1733781599999,791965015.9562387,808861,3741.76061,360401658.11280394,0,0.0,0,BTCUSDT
2024-12-09 22:00:00,96892.0,97381.47,94837.42,96984.01,5598.2857,1733785199999,540742557.3372092,600476,2622.16454,253294942.38152993,0,0.0,0,BTCUSDT
2024-12-09 23:00:00,96984.0,97533.14,96700.46,97276.47,1665.3406,1733788799999,161986957.5111874,269225,813.80605,79130394.0715723,0,0.0,0,BTCUSDT
2024-12-10 00:00:00,97276.48,98138.0,97000.0,97867.91,1941.40264,1733792399999,189431089.6198676,389547,962.21247,93900237.6966422,0,0.00011115,0,BTCUSDT
2024-12-10 00:00:00,97276.48,98138.0,97000.0,97867.91,1941.40264,1733792399999,189431089.6198676,389547,962.21247,93900237.6966422,0,0.00011115,0,BTCUSDT
2024-12-10 01:00:00,97867.91,98058.5,97467.8,97946.0,1095.21618,1733795999999,107137037.5202868,274187,470.69063,46043604.5984427,0,0.0,0,BTCUSDT
2024-12-10 02:00:00,97946.0,97946.01,96614.27,96660.01,1804.43021,1733799599999,175698450.02692,308699,739.02031,71965255.6865148,0,0.0,0,BTCUSDT
2024-12-10 03:00:00,96660.0,96947.26,95565.41,96931.99,3126.85208,1733803199999,301158777.1847601,643391,1371.89011,132115224.4376576,0,0.0,0,BTCUSDT
2024-12-10 04:00:00,96931.99,97132.45,95900.0,97031.97,1630.90831,1733806799999,157575637.5273371,363181,754.27074,72889480.7571716,0,0.0,0,BTCUSDT
2024-12-10 05:00:00,97031.98,97051.99,96520.49,96941.99,1054.45271,1733810399999,102087512.992467,212854,524.78144,50807829.4887275,0,0.0,0,BTCUSDT
2024-12-10 06:00:00,96941.99,97519.2,96810.85,97464.6,1222.41402,1733813999999,118804873.9265209,213062,667.95195,64915309.3001185,0,0.0,0,BTCUSDT
2024-12-10 07:00:00,97464.6,97502.74,96908.0,97196.44,943.52763,1733817599999,91655865.5619781,176051,523.57328,50856375.3628647,0,0.0,0,BTCUSDT
2024-12-10 08:00:00,97196.44,97547.52,96938.19,97385.72,866.37002,1733821199999,84247800.7083061,204794,463.12267,45039848.4644015,0,0.0001,0,BTCUSDT
2024-12-10 09:00:00,97385.72,97680.0,97224.79,97489.1,851.77822,1733824799999,83001521.6650234,197265,488.9133,47643657.0938675,0,0.0,0,BTCUSDT
2024-12-10 10:00:00,97489.1,97862.43,97489.09,97687.5,947.81939,1733828399999,92609084.8984355,187932,558.4401,54562494.9564919,0,0.0,0,BTCUSDT
2024-12-10 11:00:00,97687.5,97937.5,97444.42,97722.52,1066.94048,1733831999999,104215366.8668956,213598,545.03617,53244035.9614766,0,0.0,0,BTCUSDT
2024-12-10 12:00:00,97722.53,97841.1,96864.04,97161.5,1548.27714,1733835599999,150622581.29769,519714,786.29562,76494254.4039933,0,0.0,0,BTCUSDT
2024-12-10 13:00:00,97161.5,97929.99,97128.0,97738.36,1701.94365,1733839199999,166103165.1423646,542358,874.38259,85338152.3477383,0,0.0,0,BTCUSDT
2024-12-10 14:00:00,97738.35,98270.0,97140.0,97820.01,3526.12099,1733842799999,344825648.2371313,831416,1881.79215,184045827.18978488,0,0.0,0,BTCUSDT
2024-12-10 15:00:00,97820.01,98113.68,95555.0,95658.79,4812.98677,1733846399999,465585007.2563658,1079445,2052.02657,198561050.8785548,0,0.0,0,BTCUSDT
2024-12-10 16:00:00,95658.79,96500.0,94508.69,96319.77,7543.54551,1733849999999,719986044.6713625,1172638,3209.05581,306376026.9145962,0,0.0001,0,BTCUSDT
2024-12-10 17:00:00,96319.76,96391.17,94401.76,94484.01,5401.7541,1733853599999,513445743.7812363,1121081,2468.86236,234608976.841047,0,0.0,0,BTCUSDT
2024-12-10 18:00:00,94484.01,95524.0,94256.54,95132.03,2558.43561,1733857199999,242815443.1928993,776393,1228.43468,116568875.6132146,0,0.0,0,BTCUSDT
2024-12-10 19:00:00,95132.04,96171.14,94980.27,95856.5,1778.37842,1733860799999,170245327.3971923,569821,867.59987,83064781.230886,0,0.0,0,BTCUSDT
2024-12-10 20:00:00,95856.5,96700.0,95616.0,96434.76,1949.38081,1733864399999,187655547.53287873,507732,970.89185,93473532.8721532,0,0.0,0,BTCUSDT
2024-12-10 21:00:00,96434.75,97200.7,96382.35,96858.0,2026.89962,1733867999999,196166983.97352353,493836,1005.35153,97296873.792347,0,0.0,0,BTCUSDT
2024-12-10 22:00:00,96858.0,97099.49,96587.43,96849.44,1109.33596,1733871599999,107438022.2894944,264151,484.21324,46897177.8218797,0,0.0,0,BTCUSDT
2024-12-10 23:00:00,96849.45,97128.62,96402.7,96593.0,1199.51886,1733875199999,116147661.8214916,293043,624.28642,60455995.4602008,0,0.0,0,BTCUSDT
2024-12-11 00:00:00,96593.0,96842.42,95816.36,96412.61,1676.16419,1733878799999,161519219.4515935,537619,783.10394,75463377.5410706,0,0.0001,0,BTCUSDT
2024-12-11 00:00:00,96593.0,96842.42,95816.36,96412.61,1676.16419,1733878799999,161519219.4515935,537619,783.10394,75463377.5410706,0,0.0001,0,BTCUSDT
2024-12-11 01:00:00,96412.61,96635.79,95658.24,95752.02,1661.31944,1733882399999,159738499.095387,592515,753.03101,72414408.6829216,0,0.0,0,BTCUSDT
2024-12-11 02:00:00,95752.02,97444.44,95677.96,97207.29,1684.35094,1733885999999,162840014.9210197,511775,849.81154,82154979.1678975,0,0.0,0,BTCUSDT
2024-12-11 03:00:00,97207.29,97625.76,97128.24,97398.43,1079.97914,1733889599999,105156008.4495929,337535,536.40747,52230628.958699,0,0.0,0,BTCUSDT
2024-12-11 04:00:00,97398.42,97600.0,97181.7,97546.96,1071.82464,1733893199999,104387671.951604,260963,587.52042,57217083.5571634,0,0.0,0,BTCUSDT
2024-12-11 05:00:00,97546.97,97700.0,97300.8,97495.19,581.0697,1733896799999,56627707.1876861,232508,234.77912,22881295.4126744,0,0.0,0,BTCUSDT
2024-12-11 06:00:00,97495.2,97765.77,97391.4,97689.57,482.35697,1733900399999,47093162.8501049,190950,249.86118,24394995.945131,0,0.0,0,BTCUSDT
2024-12-11 07:00:00,97689.57,97790.36,97248.87,97334.6,747.3797,1733903999999,72899696.6734222,182342,304.8287,29727540.5049863,0,0.0,0,BTCUSDT
2024-12-11 08:00:00,97334.59,98472.57,97316.78,98109.9,1557.01346,1733907599999,152562895.6774702,301301,874.33107,85657233.5686166,0,0.0001,0,BTCUSDT
2024-12-11 09:00:00,98109.9,98171.35,97757.44,97999.99,778.4462,1733911199999,76227522.8764736,246907,344.9979,33779884.7063486,0,0.0,0,BTCUSDT
2024-12-11 10:00:00,98000.0,98301.17,97862.66,98214.29,779.21065,1733914799999,76429805.4959924,181359,380.00869,37277190.917097,0,0.0,0,BTCUSDT
2024-12-11 11:00:00,98214.29,98450.0,98137.09,98292.61,800.38789,1733918399999,78680725.7896069,161904,373.24495,36690444.6061449,0,0.0,0,BTCUSDT
2024-12-11 12:00:00,98292.61,98493.04,98164.02,98236.0,775.58074,1733921999999,76279138.4710123,179293,362.21884,35624635.1197637,0,0.0,0,BTCUSDT
2024-12-11 13:00:00,98236.0,98865.47,98072.33,98736.86,1875.90205,1733925599999,184885900.3126335,481111,926.71174,91341335.2849076,0,0.0,0,BTCUSDT
2024-12-11 14:00:00,98736.86,99539.29,98369.82,99515.98,2230.1931,1733929199999,220748905.8016733,556809,1116.82926,110565956.2212129,0,0.0,0,BTCUSDT
2024-12-11 15:00:00,99515.99,100800.0,99414.72,100361.64,5764.6058,1733932799999,577304816.1984186,837830,3280.37513,328442759.9530006,0,0.0,0,BTCUSDT
2024-12-11 16:00:00,100361.64,101090.9,100295.61,100575.99,2950.52479,1733936399999,297027889.3109263,555241,1585.59782,159649481.7878179,0,0.0001,0,BTCUSDT
2024-12-11 17:00:00,100576.0,100982.07,99660.15,99781.9,2298.27737,1733939999999,230764966.46194327,452276,1020.628,102458543.9454707,0,0.0,0,BTCUSDT
2024-12-11 18:00:00,99781.89,100786.3,99608.23,100388.71,2207.59419,1733943599999,221303048.91969752,472723,1125.00115,112761937.8921102,0,0.0,0,BTCUSDT
2024-12-11 19:00:00,100388.72,101141.01,100388.71,101122.71,1758.39622,1733947199999,177270251.6051035,248186,1044.93146,105360565.0194156,0,0.0,0,BTCUSDT
2024-12-11 20:00:00,101122.71,101674.72,101024.75,101271.56,2068.71914,1733950799999,209628075.68037152,348587,1022.62334,103629028.1272831,0,0.0,0,BTCUSDT
2024-12-11 21:00:00,101271.57,101536.7,100866.42,101520.12,1152.9581,1733954399999,116644621.4119065,173600,532.68514,53892225.7747679,0,0.0,0,BTCUSDT
2024-12-11 22:00:00,101520.13,101888.0,101180.63,101209.74,1098.87478,1733957999999,111558652.9452254,123585,533.9797,54228856.295593,0,0.0,0,BTCUSDT
2024-12-11 23:00:00,101209.74,101500.0,101068.25,101125.0,672.65371,1733961599999,68124565.4795848,83592,289.33802,29301929.2210763,0,0.0,0,BTCUSDT
2024-12-12 00:00:00,101125.0,101200.0,100559.71,100772.46,970.26535,1733965199999,97916390.2540814,220628,408.4802,41220128.9804482,0,0.0001,0,BTCUSDT
2024-12-12 00:00:00,101125.0,101200.0,100559.71,100772.46,970.26535,1733965199999,97916390.2540814,220628,408.4802,41220128.9804482,0,0.0001,0,BTCUSDT
2024-12-12 01:00:00,100772.47,100861.98,100331.61,100496.3,1065.71101,1733968799999,107208565.5859703,236593,454.84979,45753877.9005795,0,0.0,0,BTCUSDT
2024-12-12 02:00:00,100496.3,101824.77,100496.3,101824.76,1067.28192,1733972399999,107881033.93114,270609,630.26813,63724554.5010123,0,0.0,0,BTCUSDT
2024-12-12 03:00:00,101824.77,101829.0,100792.0,101025.87,1481.01937,1733975999999,150028062.6649968,368461,647.72051,65620933.6021363,0,0.0,0,BTCUSDT
2024-12-12 04:00:00,101025.88,101191.85,100572.0,100675.7,877.84617,1733979599999,88537060.0213041,232715,390.31878,39367134.9776191,0,0.0,0,BTCUSDT
2024-12-12 05:00:00,100675.7,101136.92,100617.64,100618.86,1063.06897,1733983199999,107232124.7271859,201236,567.27686,57222396.3404426,0,0.0,0,BTCUSDT
2024-12-12 06:00:00,100618.87,100701.24,100402.82,100584.37,548.35286,1733986799999,55144150.8478789,182454,284.90843,28651935.2920072,0,0.0,0,BTCUSDT
2024-12-12 07:00:00,100584.37,100828.16,100496.47,100499.99,528.75796,1733990399999,53211895.3499902,118022,237.6419,23917052.5661625,0,0.0,0,BTCUSDT
2024-12-12 08:00:00,100499.99,101049.36,100470.58,100980.0,703.4733,1733993999999,70906653.6359181,134228,370.85068,37382892.0815985,0,0.0001,0,BTCUSDT
2024-12-12 09:00:00,100979.99,101126.54,100794.11,100814.07,604.85218,1733997599999,61065119.3679246,122989,295.03562,29790251.8142768,0,0.0,0,BTCUSDT
2024-12-12 10:00:00,100814.06,100814.07,100473.14,100579.44,620.99851,1734001199999,62467865.0194893,189757,301.1205,30288316.8781593,0,0.0,0,BTCUSDT
2024-12-12 11:00:00,100579.44,100637.97,100178.32,100358.42,663.75995,1734004799999,66613618.3116904,213825,253.81565,25471723.3032132,0,0.0,0,BTCUSDT
2024-12-12 12:00:00,100358.42,100944.0,100348.35,100828.0,783.19887,1734008399999,78890119.9114746,188712,415.70032,41871800.7459287,0,0.0,0,BTCUSDT
2024-12-12 13:00:00,100828.0,101545.78,100540.74,100911.99,1810.00915,1734011999999,182878714.60104328,540341,879.76607,88904187.7773143,0,0.0,0,BTCUSDT
2024-12-12 14:00:00,100912.0,101749.74,100629.41,101702.04,2588.59757,1734015599999,261964756.6827002,660480,1317.17776,133334360.5107607,0,0.0,0,BTCUSDT
2024-12-12 15:00:00,101702.04,101861.6,100700.07,101797.14,2345.92427,1734019199999,237840811.56368193,637812,1138.7,115473593.9331031,0,0.0,0,BTCUSDT
2024-12-12 16:00:00,101797.14,102540.0,101462.49,101462.49,3118.04465,1734022799999,318242633.3935109,722561,1756.90529,179341667.3095613,0,0.0001,0,BTCUSDT
2024-12-12 17:00:00,101462.49,101700.0,101227.27,101617.65,1046.05464,1734026399999,106148139.6964635,412487,489.09373,49633944.1153772,0,0.0,0,BTCUSDT
2024-12-12 18:00:00,101617.64,101657.75,100831.0,100857.59,907.96892,1734029999999,91908787.6988176,369919,426.90012,43205858.6877839,0,0.0,0,BTCUSDT
2024-12-12 19:00:00,100857.59,101052.77,99311.64,99481.32,2862.5031,1734033599999,286121364.7128656,694182,1269.30263,126872558.7566352,0,0.0,0,BTCUSDT
2024-12-12 20:00:00,99481.33,100464.73,99465.33,100028.01,1571.02583,1734037199999,156924823.27465,559237,730.36887,72960846.6712749,0,0.0,0,BTCUSDT
2024-12-12 21:00:00,100028.02,100109.09,99700.0,99760.01,764.0716,1734040799999,76314949.9107146,334752,343.7525,34334205.2061962,0,0.0,0,BTCUSDT
2024-12-12 22:00:00,99760.01,100476.19,99513.0,100444.0,803.02299,1734044399999,80324583.7200986,276244,406.76266,40699644.1969621,0,0.0,0,BTCUSDT
2024-12-12 23:00:00,100444.0,100476.0,99879.38,100004.29,436.27831,1734047999999,43690358.9825797,178078,159.16961,15940590.5218074,0,0.0,0,BTCUSDT
2024-12-13 00:00:00,100004.29,100356.85,99939.85,100083.21,501.95354,1734051599999,50281015.295217,180397,251.23473,25165315.0430922,0,0.0001,0,BTCUSDT
2024-12-13 00:00:00,100004.29,100356.85,99939.85,100083.21,501.95354,1734051599999,50281015.295217,180397,251.23473,25165315.0430922,0,0.0001,0,BTCUSDT
2024-12-13 01:00:00,100083.21,100140.0,99210.53,99323.94,996.85798,1734055199999,99324747.1197429,276020,417.62827,41625525.4803771,0,0.0,0,BTCUSDT
2024-12-13 02:00:00,99323.94,99675.66,99205.0,99484.99,1138.64214,1734058799999,113226775.3728395,274055,595.70923,59235146.8539636,0,0.0,0,BTCUSDT
2024-12-13 03:00:00,99484.99,99793.5,99484.98,99729.09,532.23358,1734062399999,53048561.1030903,164100,297.78565,29680167.461008,0,0.0,0,BTCUSDT
2024-12-13 04:00:00,99729.09,100054.91,99652.0,100000.46,531.66419,1734065999999,53097804.2762795,121589,255.31026,25496691.4341875,0,0.0,0,BTCUSDT
2024-12-13 05:00:00,100000.46,100172.0,99850.35,99890.0,430.05413,1734069599999,42999505.8058657,99313,187.33953,18731897.1016475,0,0.0,0,BTCUSDT
2024-12-13 06:00:00,99889.99,100092.0,99700.0,99700.0,483.54224,1734073199999,48315638.8863149,106474,178.33602,17820047.6736953,0,0.0,0,BTCUSDT
2024-12-13 07:00:00,99700.0,100225.52,99500.0,100130.0,1277.18261,1734076799999,127607107.9158212,175189,546.15943,54618376.2856162,0,0.0,0,BTCUSDT
2024-12-13 08:00:00,100130.01,100361.93,99896.0,100272.0,562.17584,1734080399999,56316996.1869493,124159,305.60455,30618487.8159153,0,0.0001,0,BTCUSDT
2024-12-13 09:00:00,100271.99,100340.0,99904.43,100100.0,499.52207,1734083999999,50013642.4381271,132961,201.07452,20134536.8307315,0,0.0,0,BTCUSDT
2024-12-13 10:00:00,100100.0,100550.0,99913.51,100457.62,520.33241,1734087599999,52161259.5326385,130636,306.94379,30779669.4121824,0,0.0,0,BTCUSDT
2024-12-13 11:00:00,100457.62,100789.0,100314.19,100353.37,678.01774,1734091199999,68153531.2087958,165572,385.45966,38749795.6865184,0,0.0,0,BTCUSDT
2024-12-13 12:00:00,100353.37,100470.59,100142.11,100299.85,462.58738,1734094799999,46405012.8195424,150630,216.03747,21672065.8548261,0,0.0,0,BTCUSDT
2024-12-13 13:00:00,100299.85,100527.91,99936.25,100284.35,605.47063,1734098399999,60655191.7977882,214229,292.98332,29351135.6198895,0,0.0,0,BTCUSDT
2024-12-13 14:00:00,100284.36,101018.12,100220.92,101018.12,988.71208,1734101999999,99525066.1093974,337312,572.86714,57687985.5198441,0,0.0,0,BTCUSDT
2024-12-13 15:00:00,101018.12,101375.26,99700.0,99873.16,2338.34375,1734105599999,235584930.11594728,565812,1027.0182,103497955.2708155,0,0.0,0,BTCUSDT
2024-12-13 16:00:00,99873.16,101272.73,99800.0,100988.01,1964.84991,1734109199999,197336433.9377325,575702,974.31909,97839678.0667737,0,0.0001,0,BTCUSDT
2024-12-13 17:00:00,100988.02,101777.75,100780.01,101737.89,1575.29189,1734112799999,159595326.1862378,421877,772.60224,78290401.237393,0,0.0,0,BTCUSDT
2024-12-13 18:00:00,101737.88,101895.26,101293.14,101495.91,1655.90604,1734116399999,168271831.7525538,380093,852.83665,86649725.6669195,0,0.0,0,BTCUSDT
2024-12-13 19:00:00,101495.92,101617.65,101205.88,101462.34,980.79695,1734119999999,99426570.2443624,235043,523.85832,53098111.7754696,0,0.0,0,BTCUSDT
2024-12-13 20:00:00,101462.34,101879.98,101227.97,101680.0,1230.46768,1734123599999,125011393.5865356,274444,659.80995,67036237.812939,0,0.0,0,BTCUSDT
2024-12-13 21:00:00,101680.01,101691.46,101250.09,101303.64,699.51818,1734127199999,70951084.6623146,151208,261.94151,26565949.7050946,0,0.0,0,BTCUSDT
2024-12-13 22:00:00,101303.63,101407.99,101090.9,101227.28,406.27702,1734130799999,41131812.7965219,122133,169.79251,17188932.2115158,0,0.0,0,BTCUSDT
2024-12-13 23:00:00,101227.28,101529.42,101139.88,101424.25,843.63925,1734134399999,85462153.9234849,102712,416.44161,42187051.8150405,0,0.0,0,BTCUSDT
2024-12-14 00:00:00,101424.24,101519.42,101148.35,101301.07,468.18694,1734137999999,47446351.1022883,122426,208.18438,21097813.108319,0,0.0001,0,BTCUSDT
2024-12-14 00:00:00,101424.24,101519.42,101148.35,101301.07,468.18694,1734137999999,47446351.1022883,122426,208.18438,21097813.108319,0,0.0001,0,BTCUSDT
2024-12-14 01:00:00,101301.07,102650.0,101301.07,102145.28,2528.31652,1734141599999,258295885.2867928,521229,1482.1235,151377659.9328751,0,0.0,0,BTCUSDT
2024-12-14 02:00:00,102145.28,102279.43,101668.45,102032.61,698.88108,1734145199999,71241146.636548,248042,341.24506,34781891.5891757,0,0.0,0,BTCUSDT
2024-12-14 03:00:00,102032.61,102344.0,102022.39,102088.0,406.92709,1734148799999,41576466.1507442,115886,186.866,19091977.1265166,0,0.0,0,BTCUSDT
2024-12-14 04:00:00,102088.0,102138.0,101590.9,101681.81,636.87362,1734152399999,64835506.0485506,162911,258.62405,26323878.3732091,0,0.0,0,BTCUSDT
2024-12-14 05:00:00,101681.82,101816.71,101632.0,101722.8,439.71251,1734155999999,44736022.2050854,95720,200.59353,20407781.4644737,0,0.0,0,BTCUSDT
2024-12-14 06:00:00,101722.79,102000.0,101690.37,101906.05,572.18592,1734159599999,58299725.2075609,79010,277.28692,28258518.3168167,0,0.0,0,BTCUSDT
2024-12-14 07:00:00,101906.06,101923.99,101596.43,101824.0,706.73681,1734163199999,71904320.6507242,72396,371.00159,37743097.5126093,0,0.0,0,BTCUSDT
2024-12-14 08:00:00,101824.0,101863.64,101578.58,101803.03,319.99027,1734166799999,32557688.4668627,66785,119.63749,12172489.5375654,0,6.75e-05,0,BTCUSDT
2024-12-14 09:00:00,101803.04,101803.04,101478.05,101551.28,327.22429,1734170399999,33254876.7406585,74707,115.38746,11725299.2255936,0,0.0,0,BTCUSDT
2024-12-14 10:00:00,101551.29,101602.31,101321.0,101550.58,371.42714,1734173999999,37685949.0717804,88108,170.32838,17284488.3753132,0,0.0,0,BTCUSDT
2024-12-14 11:00:00,101550.59,101697.5,101464.92,101583.99,227.39658,1734177599999,23103301.9410014,62932,133.00774,13513849.6750788,0,0.0,0,BTCUSDT
2024-12-14 12:00:00,101584.0,101647.06,101241.26,101297.96,590.74082,1734181199999,59910207.0232692,127470,299.4335,30369696.7948262,0,0.0,0,BTCUSDT
2024-12-14 13:00:00,101297.96,101411.63,100826.38,101170.05,1220.28333,1734184799999,123367805.0451225,233121,585.63795,59208943.5191264,0,0.0,0,BTCUSDT
2024-12-14 14:00:00,101170.04,101536.0,101163.64,101434.3,526.12869,1734188399999,53352869.9485002,131845,252.79822,25636186.2286469,0,0.0,0,BTCUSDT
2024-12-14 15:00:00,101434.3,101742.43,101342.71,101625.12,400.83121,1734191999999,40720033.1705995,108532,206.2214,20948614.7049583,0,0.0,0,BTCUSDT
2024-12-14 16:00:00,101625.12,101650.77,101420.01,101650.76,412.87893,1734195599999,41918947.2263586,146697,189.38623,19228060.0740861,0,0.0001,0,BTCUSDT
2024-12-14 17:00:00,101650.77,101737.7,100860.0,100988.0,798.14281,1734199199999,80778796.7907312,154942,277.94087,28141359.3398196,0,0.0,0,BTCUSDT
2024-12-14 18:00:00,100988.01,101175.75,100831.63,100895.98,659.88076,1734202799999,66641826.7611278,206414,306.92885,31000643.3006058,0,0.0,0,BTCUSDT
2024-12-14 19:00:00,100895.99,101411.77,100872.38,101313.54,442.94587,1734206399999,44807569.8685552,141685,203.19861,20556300.5387429,0,0.0,0,BTCUSDT
2024-12-14 20:00:00,101313.54,101409.92,100609.41,100760.0,528.13263,1734209999999,53321707.1269673,142681,169.31897,17095931.6224057,0,0.0,0,BTCUSDT
2024-12-14 21:00:00,100760.0,101187.03,100760.0,101074.68,300.55759,1734213599999,30374899.5075099,130683,138.5182,13996726.6358903,0,0.0,0,BTCUSDT
2024-12-14 22:00:00,101074.68,101259.25,100895.53,101117.63,292.13848,1734217199999,29533857.1433818,66548,122.70645,12405176.2656431,0,0.0,0,BTCUSDT
2024-12-14 23:00:00,101117.64,101499.08,101045.45,101420.0,315.18337,1734220799999,31928607.9255986,73768,173.87141,17615470.8771921,0,0.0,0,BTCUSDT
2024-12-15 00:00:00,101420.0,101558.83,101237.14,101442.42,313.78863,1734224399999,31821967.9625463,90291,172.45487,17489486.0695279,0,0.0001,0,BTCUSDT
2024-12-15 00:00:00,101420.0,101558.83,101237.14,101442.42,313.78863,1734224399999,31821967.9625463,90291,172.45487,17489486.0695279,0,0.0001,0,BTCUSDT
2024-12-15 01:00:00,101442.41,102196.97,101424.01,102134.48,1458.80477,1734227999999,148552826.7366279,169708,1158.89112,118011852.7297521,0,0.0,0,BTCUSDT
2024-12-15 02:00:00,102134.48,102155.28,101775.88,101831.15,728.33298,1734231599999,74248268.618911,109789,490.38163,49992151.9844582,0,0.0,0,BTCUSDT
2024-12-15 03:00:00,101831.16,101931.73,101722.31,101733.82,216.32352,1734235199999,22025179.8335228,80811,93.6409,9534840.248791,0,0.0,0,BTCUSDT
2024-12-15 04:00:00,101733.83,102850.0,101733.82,102366.17,1788.48948,1734238799999,183308143.98662472,263775,1062.94569,108913010.3144575,0,0.0,0,BTCUSDT
2024-12-15 05:00:00,102366.17,102511.81,102107.92,102159.29,485.39491,1734242399999,49677047.039317,118362,243.185,24891281.31949,0,0.0,0,BTCUSDT
2024-12-15 06:00:00,102159.29,102169.9,101759.8,101759.8,417.41142,1734245999999,42570715.4783254,84868,174.13162,17759581.5032023,0,0.0,0,BTCUSDT
2024-12-15 07:00:00,101759.81,101941.18,101534.01,101732.09,399.71077,1734249599999,40664507.814314,131861,184.07153,18729164.435385,0,0.0,0,BTCUSDT
2024-12-15 08:00:00,101732.09,102015.16,101581.07,102015.15,434.85636,1734253199999,44273021.2499873,106043,220.75894,22480108.5583376,0,0.0001,0,BTCUSDT
2024-12-15 09:00:00,102015.15,102270.95,101919.6,102264.34,361.99787,1734256799999,36962634.7736011,95630,199.75797,20397599.973968,0,0.0,0,BTCUSDT
2024-12-15 10:00:00,102264.34,102450.22,102147.58,102280.0,390.62989,1734260399999,39959802.2053569,85248,205.88647,21061899.5567329,0,0.0,0,BTCUSDT
2024-12-15 11:00:00,102280.01,102691.01,102228.01,102671.44,613.11003,1734263999999,62839380.0108367,92966,359.24093,36818474.2646924,0,0.0,0,BTCUSDT
2024-12-15 12:00:00,102671.44,103359.97,102533.33,102946.54,2308.19851,1734267599999,237651925.44719553,284170,1282.01445,132004734.0809322,0,0.0,0,BTCUSDT
2024-12-15 13:00:00,102946.55,102987.43,102473.01,102784.65,917.26646,1734271199999,94218504.0731732,167702,485.34628,49852473.2699983,0,0.0,0,BTCUSDT
2024-12-15 14:00:00,102784.65,103061.88,102622.99,102994.37,988.69088,1734274799999,101684643.770422,156248,388.19025,39932090.1565808,0,0.0,0,BTCUSDT
2024-12-15 15:00:00,102994.37,103039.99,102704.0,102704.01,704.04111,1734278399999,72435452.3399817,124570,351.5777,36171713.0714259,0,0.0,0,BTCUSDT
2024-12-15 16:00:00,102704.0,103490.0,102583.65,103127.08,1092.30198,1734281999999,112655562.8824417,199728,594.65455,61337429.7890923,0,8.194e-05,0,BTCUSDT
2024-12-15 17:00:00,103127.08,103368.19,102978.93,103164.0,493.45924,1734285599999,50894263.2835116,117587,262.72031,27097311.1871811,0,0.0,0,BTCUSDT
2024-12-15 18:00:00,103164.01,103358.89,102984.58,103204.0,381.5582,1734289199999,39366997.8857842,88268,198.60726,20491735.6136652,0,0.0,0,BTCUSDT
2024-12-15 19:00:00,103203.99,103455.0,103178.47,103252.95,474.6008,1734292799999,49038507.8854562,82686,250.30984,25864057.6888866,0,0.0,0,BTCUSDT
2024-12-15 20:00:00,103252.96,103404.16,103066.67,103144.83,421.52166,1734296399999,43502469.6719384,76996,196.28442,20257484.53638,0,0.0,0,BTCUSDT
2024-12-15 21:00:00,103144.83,103197.67,102634.25,102859.06,733.51731,1734299999999,75468583.2807682,179016,295.75667,30425236.4040846,0,0.0,0,BTCUSDT
2024-12-15 22:00:00,102859.05,103385.8,102621.5,103277.32,752.53486,1734303599999,77561535.6153269,140376,432.35586,44573051.4831426,0,0.0,0,BTCUSDT
2024-12-15 23:00:00,103277.31,105250.0,103246.07,104463.99,5352.380135,1734307199999,559080961.9898205,592110,3365.730095,351524680.059933,0,0.0,0,BTCUSDT
2024-12-16 00:00:00,104463.99,106648.0,104324.5,105444.95,4439.214326,1734310799999,469323806.39901453,665067,2375.598176,251126208.47399357,0,0.0001,0,BTCUSDT
2024-12-16 00:00:00,104463.99,106648.0,104324.5,105444.95,4439.214326,1734310799999,469323806.39901453,665067,2375.598176,251126208.47399357,0,0.0001,0,BTCUSDT
2024-12-16 01:00:00,105444.95,105591.58,104979.39,105531.99,1469.85302,1734314399999,154795862.3046969,315847,796.03116,83843760.9721153,0,0.0,0,BTCUSDT
2024-12-16 02:00:00,105532.0,105640.0,104446.28,104585.32,1719.94162,1734317999999,180418056.8558288,314208,756.82963,79390105.9320008,0,0.0,0,BTCUSDT
2024-12-16 03:00:00,104585.32,105000.0,104259.48,104582.28,1174.83928,1734321599999,122995782.4353562,286032,589.40529,61703555.4161292,0,0.0,0,BTCUSDT
2024-12-16 04:00:00,104582.28,104805.22,104469.89,104686.15,650.79766,1734325199999,68111433.6924547,176590,283.05988,29623269.7718141,0,0.0,0,BTCUSDT
2024-12-16 05:00:00,104686.15,105064.0,104482.46,105028.0,781.51923,1734328799999,81943633.5422784,156481,380.54175,39895584.1006104,0,0.0,0,BTCUSDT
2024-12-16 06:00:00,105028.01,105373.76,104956.0,105149.98,971.06116,1734332399999,102124805.7990196,153743,482.49641,50742588.254682,0,0.0,0,BTCUSDT
2024-12-16 07:00:00,105149.98,105420.76,104900.0,104992.79,679.89461,1734335999999,71517442.6705388,139665,323.13158,33993444.9563682,0,0.0,0,BTCUSDT
2024-12-16 08:00:00,104992.79,105016.85,104505.22,104535.44,713.40126,1734339599999,74735050.955794,181289,261.78683,27428198.9993764,0,0.0001,0,BTCUSDT
2024-12-16 09:00:00,104535.44,104942.48,104500.46,104676.72,767.27443,1734343199999,80347891.9457243,197656,348.17808,36458035.7795018,0,0.0,0,BTCUSDT
2024-12-16 10:00:00,104676.73,104722.1,104350.01,104684.99,993.28252,1734346799999,103835431.40685,175314,429.52933,44915165.4620301,0,0.0,0,BTCUSDT
2024-12-16 11:00:00,104684.98,104836.36,103625.78,103757.99,1498.30185,1734350399999,156096269.8684255,262551,542.27718,56505224.038388,0,0.0,0,BTCUSDT
2024-12-16 12:00:00,103758.0,104145.9,103333.0,103656.02,1555.92886,1734353999999,161526689.5290715,365813,759.31327,78828475.4146393,0,0.0,0,BTCUSDT
2024-12-16 13:00:00,103656.02,104138.99,103484.51,103908.02,1256.73983,1734357599999,130561966.2623863,281981,712.75697,74034037.9618799,0,0.0,0,BTCUSDT
2024-12-16 14:00:00,103908.03,106000.0,103879.25,105487.0,3025.52605,1734361199999,317973512.2647936,581614,1669.21489,175362048.3479043,0,0.0,0,BTCUSDT
2024-12-16 15:00:00,105487.01,106499.99,105253.46,106332.01,3451.11467,1734364799999,366169058.66691995,771080,1697.2562,180070272.4271796,0,0.0,0,BTCUSDT
2024-12-16 16:00:00,106332.0,107195.58,106140.0,106824.95,3224.840458,1734368399999,344115642.74388456,717643,1736.812838,185351319.53837335,0,0.0001,0,BTCUSDT
2024-12-16 17:00:00,106824.94,107195.0,106693.26,107078.55,2075.56347,1734371999999,221991155.78690153,430635,1001.0104,107068941.8149243,0,0.0,0,BTCUSDT
2024-12-16 18:00:00,107078.55,107793.07,106882.47,107078.6,3417.436286,1734375599999,366922297.7475199,422891,1508.421996,161973498.1041234,0,0.0,0,BTCUSDT
2024-12-16 19:00:00,107078.6,107078.61,105797.41,106583.12,3277.26405,1734379199999,348474555.5444403,504363,1467.97832,156038527.3362873,0,0.0,0,BTCUSDT
2024-12-16 20:00:00,106583.13,106648.48,105762.56,105808.36,1901.28728,1734382799999,201913869.2134074,392756,974.94422,103537426.2821686,0,0.0,0,BTCUSDT
2024-12-16 21:00:00,105808.36,106274.9,105688.93,106057.77,880.5882,1734386399999,93277750.1497386,218774,528.03755,55931204.9765002,0,0.0,0,BTCUSDT
2024-12-16 22:00:00,106057.78,106301.59,105721.39,105815.99,620.69466,1734389999999,65815557.2376023,124002,333.66772,35384055.6087196,0,0.0,0,BTCUSDT
2024-12-16 23:00:00,105816.0,106064.0,105480.02,106058.66,756.03796,1734393599999,79976877.6119052,212059,390.81983,41345949.2778128,0,0.0,0,BTCUSDT
2024-12-17 00:00:00,106058.65,106244.4,105657.34,105856.51,1086.89201,1734397199999,115215163.1100465,359524,547.08409,57994957.3689698,0,9.181e-05,0,BTCUSDT
2024-12-17 00:00:00,106058.65,106244.4,105657.34,105856.51,1086.89201,1734397199999,115215163.1100465,359524,547.08409,57994957.3689698,0,9.181e-05,0,BTCUSDT
2024-12-17 01:00:00,105856.51,106469.29,105744.62,106376.0,1112.03906,1734400799999,118053200.293659,262490,629.99758,66882308.6244843,0,0.0,0,BTCUSDT
2024-12-17 02:00:00,106376.01,106590.55,106197.74,106269.14,804.33118,1734404399999,85619122.7440328,153691,375.85749,40006564.0914911,0,0.0,0,BTCUSDT
2024-12-17 03:00:00,106269.15,107000.0,106240.5,106866.49,879.61902,1734407999999,93855609.6796872,177712,510.46381,54463937.9411498,0,0.0,0,BTCUSDT
2024-12-17 04:00:00,106866.5,106866.5,106412.99,106500.77,533.2583,1734411599999,56836644.622723,135758,233.62971,24897601.0135913,0,0.0,0,BTCUSDT
2024-12-17 05:00:00,106500.77,106823.28,106448.0,106817.43,576.75389,1734415199999,61497517.7748641,119189,246.6058,26293948.6647033,0,0.0,0,BTCUSDT
2024-12-17 06:00:00,106817.44,106845.0,106368.45,106549.98,543.19883,1734418799999,57896417.0825822,138695,232.75554,24808725.1296054,0,0.0,0,BTCUSDT
2024-12-17 07:00:00,106549.99,107143.29,106478.0,106805.75,1284.61121,1734422399999,137313726.3284132,172203,634.80082,67852919.2673901,0,0.0,0,BTCUSDT
2024-12-17 08:00:00,106805.75,107550.02,106753.53,107406.61,1330.80553,1734425999999,142701688.6285963,197434,750.06184,80423774.3954866,0,7.866e-05,0,BTCUSDT
2024-12-17 09:00:00,107406.61,107474.1,107130.0,107306.03,693.66559,1734429599999,74431646.3545358,196441,341.86322,36683311.3600347,0,0.0,0,BTCUSDT
2024-12-17 10:00:00,107306.03,107343.82,106897.44,107209.67,792.66466,1734433199999,84879312.5532709,184606,347.80387,37245389.218903,0,0.0,0,BTCUSDT
2024-12-17 11:00:00,107209.67,107329.49,106708.86,106808.31,805.81206,1734436799999,86241728.9397154,203259,333.89547,35739314.0815722,0,0.0,0,BTCUSDT
2024-12-17 12:00:00,106808.31,107177.55,106534.29,107136.01,997.93197,1734440399999,106556993.5409027,215671,433.22273,46267078.207314,0,0.0,0,BTCUSDT
2024-12-17 13:00:00,107136.01,107620.09,106981.06,107298.42,795.32765,1734443999999,85356487.1357147,223299,362.18359,38876170.357131,0,0.0,0,BTCUSDT
2024-12-17 14:00:00,107298.42,108353.0,107056.13,108258.39,2997.397586,1734447599999,323053671.86815,659857,1545.326846,166582731.2297664,0,0.0,0,BTCUSDT
2024-12-17 15:00:00,108258.38,108258.38,105725.99,106478.47,4148.52325,1734451199999,442136168.97670245,981475,1968.70975,209773467.41884112,0,0.0,0,BTCUSDT
2024-12-17 16:00:00,106478.48,107100.86,106148.0,107075.72,1719.4703,1734454799999,183531108.4199948,570506,896.63196,95684483.4015267,0,0.0001,0,BTCUSDT
2024-12-17 17:00:00,107075.73,107617.12,106713.96,107506.37,1501.46563,1734458399999,161100587.7922265,418736,732.47442,78601841.9228672,0,0.0,0,BTCUSDT
2024-12-17 18:00:00,107506.37,107633.0,106410.55,106551.89,1312.39668,1734461999999,140477006.3570456,376444,623.96159,66785851.9127198,0,0.0,0,BTCUSDT
2024-12-17 19:00:00,106551.89,106986.44,106216.06,106475.89,1342.0232,1734465599999,142976361.4221572,378169,625.98009,66688269.0243625,0,0.0,0,BTCUSDT
2024-12-17 20:00:00,106475.89,106903.99,106156.22,106732.98,1003.81925,1734469199999,106918361.4347247,313291,531.98389,56658020.3506976,0,0.0,0,BTCUSDT
2024-12-17 21:00:00,106732.98,106799.18,106236.53,106411.54,442.63546,1734472799999,47140971.7008285,183372,200.33735,21332229.8754585,0,0.0,0,BTCUSDT
2024-12-17 22:00:00,106411.53,106419.38,105321.49,105972.01,1143.43647,1734476399999,120998705.7967716,248640,471.25216,49871548.2090242,0,0.0,0,BTCUSDT
2024-12-17 23:00:00,105972.0,106350.01,105550.0,106133.74,1216.85768,1734479999999,129045125.2177615,342337,610.43683,64743767.4848894,0,0.0,0,BTCUSDT
2024-12-18 00:00:00,106133.74,106460.0,105620.03,106098.93,999.41593,1734483599999,105997606.181524,262602,489.45217,51912753.1214004,0,0.0001,0,BTCUSDT
2024-12-18 00:00:00,106133.74,106460.0,105620.03,106098.93,999.41593,1734483599999,105997606.181524,262602,489.45217,51912753.1214004,0,0.0001,0,BTCUSDT
2024-12-18 01:00:00,106098.92,106524.98,104942.32,105332.84,2375.39062,1734487199999,251047732.2789834,441576,934.982,98905689.3303549,0,0.0,0,BTCUSDT
2024-12-18 02:00:00,105335.23,105651.88,105016.0,105312.91,985.53584,1734490799999,103847476.7953874,355066,484.8585,51090509.7332761,0,0.0,0,BTCUSDT
2024-12-18 03:00:00,105312.9,105331.63,104581.58,104763.98,1424.59685,1734494399999,149420229.4638479,332352,534.53771,56058624.5155375,0,0.0,0,BTCUSDT
2024-12-18 04:00:00,104763.99,104763.99,103516.98,103868.01,2603.97627,1734497999999,270851188.8750922,569845,1013.34589,105400948.1412042,0,0.0,0,BTCUSDT
2024-12-18 05:00:00,103868.0,104125.18,103276.0,103572.17,1659.2154,1734501599999,172145720.7494989,409448,740.54243,76844069.2620254,0,0.0,0,BTCUSDT
2024-12-18 06:00:00,103572.16,104000.21,103137.82,103794.65,1754.3718,1734505199999,181738307.5914606,354582,750.5628,77789620.7043089,0,0.0,0,BTCUSDT
2024-12-18 07:00:00,103794.65,104317.82,103702.32,104250.75,1239.07366,1734508799999,129008622.4846232,245906,698.66445,72747450.7119706,0,0.0,0,BTCUSDT
2024-12-18 08:00:00,104250.75,104378.92,103729.18,103805.43,707.25432,1734512399999,73586076.8635413,175800,269.26355,28018512.9171695,0,0.0001,0,BTCUSDT
2024-12-18 09:00:00,103805.42,104435.0,103804.66,104047.99,794.73016,1734515999999,82785017.0766424,113378,374.9979,39060396.9874838,0,0.0,0,BTCUSDT
2024-12-18 10:00:00,104047.99,104659.25,103984.0,104531.03,547.48679,1734519599999,57115812.3355823,105153,305.82688,31910325.1442779,0,0.0,0,BTCUSDT
2024-12-18 11:00:00,104531.03,105033.33,104500.0,105028.33,878.17039,1734523199999,92026328.4299363,127977,511.9144,53651016.5993851,0,0.0,0,BTCUSDT
2024-12-18 12:00:00,105028.33,105350.0,104687.44,104920.01,1428.18959,1734526799999,150020282.6239531,235039,762.03335,80070392.7097082,0,0.0,0,BTCUSDT
2024-12-18 13:00:00,104920.02,105271.8,104532.01,104580.58,888.4685,1734530399999,93211880.586701,163772,372.64222,39107864.7278669,0,0.0,0,BTCUSDT
2024-12-18 14:00:00,104580.57,104860.66,103855.07,104019.93,2756.64761,1734533999999,287532255.7122012,436914,1163.95552,121417121.4175152,0,0.0,0,BTCUSDT
2024-12-18 15:00:00,104019.94,104569.41,103650.0,104428.54,2169.56095,1734537599999,225887085.56804487,485800,1172.90353,122096140.5321149,0,0.0,0,BTCUSDT
2024-12-18 16:00:00,104428.54,104474.14,103380.43,104199.62,2165.97625,1734541199999,224884727.2366488,398996,1200.65985,124616014.3025813,0,9.158e-05,0,BTCUSDT
2024-12-18 17:00:00,104199.63,104819.83,103876.0,104656.18,998.63962,1734544799999,104280619.4331381,253604,577.47826,60308235.9671866,0,0.0,0,BTCUSDT
2024-12-18 18:00:00,104656.18,104999.98,104150.01,104808.99,1126.2738,1734548399999,117817412.141081,264061,608.81035,63704057.5079745,0,0.0,0,BTCUSDT
2024-12-18 19:00:00,104805.44,104805.44,102817.82,102817.82,4875.44811,1734551999999,505189725.3943564,750973,2256.85317,233896297.0607948,0,0.0,0,BTCUSDT
2024-12-18 20:00:00,102817.82,102997.77,100303.72,100846.67,10402.4441,1734555599999,1056448989.7820848,1164362,4534.48069,460372129.76045054,0,0.0,0,BTCUSDT
2024-12-18 21:00:00,100846.68,101745.45,100481.81,101010.55,3022.31056,1734559199999,305638410.557512,509083,1480.01549,149688071.0322767,0,0.0,0,BTCUSDT
2024-12-18 22:00:00,101010.54,101560.89,100648.99,101152.45,1684.68673,1734562799999,170232368.9474767,305802,852.11566,86097954.0476007,0,0.0,0,BTCUSDT
2024-12-18 23:00:00,101152.45,101203.45,100000.0,100204.01,2820.1337,1734566399999,283549439.1499188,300029,1217.47848,122448948.0350335,0,0.0,0,BTCUSDT
2024-12-19 00:00:00,100204.01,100986.09,100128.0,100831.16,2011.20722,1734569999999,202463324.9715543,414195,1004.16804,101090821.935881,0,0.0001,0,BTCUSDT
2024-12-19 00:00:00,100204.01,100986.09,100128.0,100831.16,2011.20722,1734569999999,202463324.9715543,414195,1004.16804,101090821.935881,0,0.0001,0,BTCUSDT
2024-12-19 01:00:00,100831.17,100903.28,99605.98,99768.97,1922.58004,1734573599999,192807166.81479007,313869,697.16764,69957852.158331,0,0.0,0,BTCUSDT
2024-12-19 02:00:00,99768.97,100534.56,98802.0,100534.56,4808.2326,1734577199999,478300278.1183122,677919,2335.73692,232443709.85608527,0,0.0,0,BTCUSDT
2024-12-19 03:00:00,100534.56,101310.25,100456.0,101193.15,2269.12938,1734580799999,229062494.90846953,388388,1215.99173,122753613.3750947,0,0.0,0,BTCUSDT
2024-12-19 04:00:00,101193.15,101228.31,100629.99,100671.62,834.9752,1734584399999,84318185.9443987,155855,344.51626,34794975.1821441,0,0.0,0,BTCUSDT
2024-12-19 05:00:00,100671.62,101415.25,100671.62,101300.01,935.02447,1734587999999,94626138.9233432,173808,464.07315,46954366.0007324,0,0.0,0,BTCUSDT
2024-12-19 06:00:00,101300.01,101392.15,101015.44,101200.01,712.40267,1734591599999,72100946.4197684,158148,351.76521,35602239.9519068,0,0.0,0,BTCUSDT
2024-12-19 07:00:00,101200.01,101727.28,101124.46,101656.57,716.67385,1734595199999,72740307.5716742,136868,421.81834,42818366.5692779,0,0.0,0,BTCUSDT
2024-12-19 08:00:00,101656.57,101820.0,101380.1,101640.4,745.8115,1734598799999,75795288.1341103,137730,340.61439,34618104.87013,0,0.0001,0,BTCUSDT
2024-12-19 09:00:00,101640.4,101873.08,101537.56,101815.99,863.07944,1734602399999,87802406.9978164,113454,499.66043,50828969.6035075,0,0.0,0,BTCUSDT
2024-12-19 10:00:00,101815.99,102609.72,101758.19,102409.34,1608.23665,1734605999999,164430990.7861849,167230,849.37425,86844058.6964805,0,0.0,0,BTCUSDT
2024-12-19 11:00:00,102409.34,102514.05,102176.38,102449.99,857.73867,1734609599999,87778707.1033041,100004,400.02028,40937393.6525087,0,0.0,0,BTCUSDT
2024-12-19 12:00:00,102450.0,102559.21,101882.09,101988.0,1055.08532,1734613199999,107822161.5943489,155152,460.87042,47109508.9233081,0,0.0,0,BTCUSDT
2024-12-19 13:00:00,101987.99,102216.07,101667.0,101952.44,1706.53325,1734616799999,173998687.9096604,186728,947.0354,96556751.3832245,0,0.0,0,BTCUSDT
2024-12-19 14:00:00,101952.44,102800.11,100694.07,100942.41,3192.18817,1734620399999,324814727.3669792,533649,1566.5309,159492808.0543333,0,0.0,0,BTCUSDT
2024-12-19 15:00:00,100942.41,101063.38,99500.0,100679.86,4543.00113,1734623999999,455648781.7073489,525281,2161.67229,216791535.7067215,0,0.0,0,BTCUSDT
2024-12-19 16:00:00,100679.86,101200.0,99830.0,100716.3,2127.60244,1734627599999,213965176.79720607,268836,1142.02555,114879389.6126624,0,0.0001,0,BTCUSDT
2024-12-19 17:00:00,100716.3,100748.87,97500.0,98855.86,5111.98146,1734631199999,506192359.1326257,530110,2143.20005,212365820.3419502,0,0.0,0,BTCUSDT
2024-12-19 18:00:00,98855.86,98952.73,96900.0,98932.73,5024.54216,1734634799999,492493045.5210427,664141,2346.27067,230083773.3927604,0,0.0,0,BTCUSDT
2024-12-19 19:00:00,98932.72,99064.06,96251.32,97199.72,3592.37286,1734638399999,349884903.0622319,449767,1571.46478,153154359.9097489,0,0.0,0,BTCUSDT
2024-12-19 20:00:00,97199.72,97312.0,95700.0,96409.54,4430.95326,1734641999999,427383490.88724095,455856,2171.56729,209570450.517207,0,0.0,0,BTCUSDT
2024-12-19 21:00:00,96409.55,98090.9,95828.98,97417.66,2612.13623,1734645599999,254163389.7440129,217290,1448.58343,140976548.5592659,0,0.0,0,BTCUSDT
2024-12-19 22:00:00,97417.66,98500.0,97231.02,98391.21,1990.04732,1734649199999,194527639.2944138,187399,1269.41596,124087969.5756253,0,0.0,0,BTCUSDT
2024-12-19 23:00:00,98391.21,98400.01,97455.3,97461.86,1475.86271,1734652799999,144425917.9969148,162264,745.09377,72922616.0776187,0,0.0,0,BTCUSDT
2024-12-20 00:00:00,97461.86,97814.09,96648.78,97248.22,2526.33162,1734656399999,245633384.5591474,332492,1222.06219,118838152.0983676,0,0.0001,0,BTCUSDT
2024-12-20 00:00:00,97461.86,97814.09,96648.78,97248.22,2526.33162,1734656399999,245633384.5591474,332492,1222.06219,118838152.0983676,0,0.0001,0,BTCUSDT
2024-12-20 01:00:00,97248.22,97542.68,96159.84,96319.99,2512.42589,1734659999999,243184376.363473,398315,1050.93392,101770261.006271,0,0.0,0,BTCUSDT
2024-12-20 02:00:00,96319.99,97731.91,96000.0,97632.59,2632.07757,1734663599999,255066138.614802,357506,1277.04474,123754973.7900091,0,0.0,0,BTCUSDT
2024-12-20 03:00:00,97632.59,97784.81,96969.7,97106.02,1041.19363,1734667199999,101376980.2354575,213950,496.34559,48324345.5166891,0,0.0,0,BTCUSDT
2024-12-20 04:00:00,97106.02,97838.98,96839.4,97304.07,1275.17255,1734670799999,124303632.895463,205372,571.84612,55745748.8171056,0,0.0,0,BTCUSDT
2024-12-20 05:00:00,97304.07,97491.95,96672.47,96734.32,1339.46566,1734674399999,130044146.0042454,187092,476.37457,46261625.077946,0,0.0,0,BTCUSDT
2024-12-20 06:00:00,96734.33,97303.99,96374.03,97281.37,1663.60632,1734677999999,161055654.6808531,291547,818.01514,79197428.4750378,0,0.0,0,BTCUSDT
2024-12-20 07:00:00,97281.38,98233.0,97276.5,97832.53,2593.15424,1734681599999,253913184.123658,384851,1288.82515,126188657.975542,0,0.0,0,BTCUSDT
2024-12-20 08:00:00,97832.52,97864.91,95300.0,95473.74,3437.65104,1734685199999,330956824.8721204,582600,1322.17087,127270300.1032098,0,0.0001,0,BTCUSDT
2024-12-20 09:00:00,95473.74,95738.79,94682.27,94811.85,4514.51169,1734688799999,429764207.1744789,591397,2129.09609,202717331.13484472,0,0.0,0,BTCUSDT
2024-12-20 10:00:00,94811.85,95114.71,94000.0,94359.53,4759.81141,1734692399999,450139144.353378,435209,2016.7,190809425.66923007,0,0.0,0,BTCUSDT
2024-12-20 11:00:00,94359.54,94749.92,92612.1,92723.98,6297.21711,1734695999999,588574428.0510069,534601,2695.60845,252109264.9756182,0,0.0,0,BTCUSDT
2024-12-20 12:00:00,92723.99,94244.0,92232.54,93941.75,5424.78009,1734699599999,505780443.23162067,445451,2709.78546,252766016.9270684,0,0.0,0,BTCUSDT
2024-12-20 13:00:00,93941.74,95803.57,93581.32,95204.0,4179.24629,1734703199999,396479318.3781632,396676,2144.0056,203434917.9222258,0,0.0,0,BTCUSDT
2024-12-20 14:00:00,95204.0,96235.29,94745.87,95627.99,3245.11909,1734706799999,309865138.0589194,363459,1678.00899,160251491.533656,0,0.0,0,BTCUSDT
2024-12-20 15:00:00,95628.0,97572.0,95608.01,96991.62,3494.16219,1734710399999,338139022.3619703,351836,1779.51301,172218116.1952053,0,0.0,0,BTCUSDT
2024-12-20 16:00:00,96991.63,97700.0,96300.0,96727.99,2894.1009,1734713999999,281046931.8261236,301052,1249.2027,121349307.9822205,0,0.0001,0,BTCUSDT
2024-12-20 17:00:00,96728.0,97375.45,96427.0,97206.59,1735.72497,1734717599999,168297637.5433845,222160,890.66944,86357909.8159578,0,0.0,0,BTCUSDT
2024-12-20 18:00:00,97206.6,97308.39,96602.69,96993.58,1216.44814,1734721199999,117915122.419266,182535,551.94746,53516513.1293009,0,0.0,0,BTCUSDT
2024-12-20 19:00:00,96992.26,97748.0,96840.0,97116.0,1339.74895,1734724799999,130447587.7557675,191888,687.48169,66954767.2273263,0,0.0,0,BTCUSDT
2024-12-20 20:00:00,97116.0,97232.0,96422.06,96451.88,1354.12601,1734728399999,131172500.0057681,177826,647.3266,62708526.1554834,0,0.0,0,BTCUSDT
2024-12-20 21:00:00,96451.88,96647.36,95393.84,96623.29,1604.6054,1734731999999,154197315.136326,147619,753.20373,72402151.1399974,0,0.0,0,BTCUSDT
2024-12-20 22:00:00,96623.29,97513.0,96451.03,97463.93,978.34197,1734735599999,94942550.1797296,74621,571.01519,55420243.3906166,0,0.0,0,BTCUSDT
2024-12-20 23:00:00,97463.93,97816.44,97389.38,97805.44,825.11297,1734739199999,80549570.0072038,58952,436.04751,42571830.6041485,0,0.0,0,BTCUSDT
2024-12-21 00:00:00,97805.44,97813.59,97216.32,97525.77,941.26945,1734742799999,91726894.0734842,107349,427.51877,41653424.6167521,0,0.0001,0,BTCUSDT
2024-12-21 00:00:00,97805.44,97813.59,97216.32,97525.77,941.26945,1734742799999,91726894.0734842,107349,427.51877,41653424.6167521,0,0.0001,0,BTCUSDT
2024-12-21 01:00:00,97525.77,97668.68,97198.76,97357.23,939.899,1734746399999,91589855.4054762,132882,480.73147,46838460.9286317,0,0.0,0,BTCUSDT
2024-12-21 02:00:00,97357.23,97610.54,97188.09,97396.0,507.91033,1734749999999,49470355.6599418,124669,252.97002,24640039.3209057,0,0.0,0,BTCUSDT
2024-12-21 03:00:00,97396.0,97487.47,97244.0,97487.46,489.58985,1734753599999,47656224.9850061,98621,201.12157,19576498.3792976,0,0.0,0,BTCUSDT
2024-12-21 04:00:00,97487.47,97643.0,97378.5,97588.0,424.52783,1734757199999,41394987.7606427,74956,212.4199,20713915.3669825,0,0.0,0,BTCUSDT
2024-12-21 05:00:00,97588.0,98692.0,97541.06,98691.98,1167.51919,1734760799999,114479436.5592874,141134,772.98433,75804707.3541651,0,0.0,0,BTCUSDT
2024-12-21 06:00:00,98691.98,98837.49,98318.6,98726.76,1768.19966,1734764399999,174326679.1334444,185812,852.83068,84086231.2559096,0,0.0,0,BTCUSDT
2024-12-21 07:00:00,98726.76,99540.61,98500.0,99040.0,2107.7034,1734767999999,208785107.03810647,179234,1124.48587,111380731.5342419,0,0.0,0,BTCUSDT
2024-12-21 08:00:00,99040.0,99187.95,98438.01,98650.0,1024.17691,1734771599999,101134522.8668392,151068,432.89276,42743866.9583473,0,0.0001,0,BTCUSDT
2024-12-21 09:00:00,98650.0,98686.77,98296.01,98565.82,668.62346,1734775199999,65834199.7003049,135718,304.35685,29966868.1639916,0,0.0,0,BTCUSDT
2024-12-21 10:00:00,98565.82,98649.9,98043.12,98131.22,904.66058,1734778799999,88989307.2200586,158238,359.13178,35319346.4828259,0,0.0,0,BTCUSDT
2024-12-21 11:00:00,98131.22,98424.77,97800.0,98262.08,836.65859,1734782399999,82090743.2512746,167247,480.61381,47161327.7694172,0,0.0,0,BTCUSDT
2024-12-21 12:00:00,98262.08,98283.95,97105.26,97131.99,1762.27838,1734785999999,172113814.8216956,257560,879.9027,85936030.3891024,0,0.0,0,BTCUSDT
2024-12-21 13:00:00,97132.0,97500.48,96398.39,97344.54,2544.04817,1734789599999,246845043.84391448,381592,1157.31681,112330844.9133911,0,0.0,0,BTCUSDT
2024-12-21 14:00:00,97344.02,97755.35,97069.4,97083.11,968.11701,1734793199999,94344618.6246618,234698,477.88567,46574504.9989573,0,0.0,0,BTCUSDT
2024-12-21 15:00:00,97083.11,97719.86,97070.28,97527.97,655.66124,1734796799999,63895203.5964842,145271,342.68057,33396081.3168951,0,0.0,0,BTCUSDT
2024-12-21 16:00:00,97527.96,97718.8,96951.41,97292.0,1007.90405,1734800399999,98122552.803531,208237,482.20453,46941331.6894101,0,1.206e-05,0,BTCUSDT
2024-12-21 17:00:00,97292.0,97695.8,97035.58,97595.28,805.82908,1734803999999,78484109.1432976,134710,381.88704,37196548.435708,0,0.0,0,BTCUSDT
2024-12-21 18:00:00,97595.29,97723.18,97287.87,97400.01,378.3964,1734807599999,36889039.5024854,95968,164.819,16068915.6578995,0,0.0,0,BTCUSDT
2024-12-21 19:00:00,97400.01,97436.69,96819.36,97269.03,741.60788,1734811199999,71958961.9943179,153046,333.81715,32386168.9227992,0,0.0,0,BTCUSDT
2024-12-21 20:00:00,97269.03,98057.51,97224.83,97456.91,882.07806,1734814799999,86162498.2293038,134934,469.94184,45907528.3791256,0,0.0,0,BTCUSDT
2024-12-21 21:00:00,97456.92,97577.99,96539.91,96892.0,703.06094,1734818399999,68246926.4417706,118951,322.84168,31337006.989695,0,0.0,0,BTCUSDT
2024-12-21 22:00:00,96892.0,97399.99,96624.0,97147.46,879.19206,1734821999999,85315958.2646347,104265,623.05094,60465797.9633096,0,0.0,0,BTCUSDT
2024-12-21 23:00:00,97147.46,97313.26,96900.0,97291.99,374.62991,1734825599999,36375014.2759625,91478,188.53545,18306273.6340522,0,0.0,0,BTCUSDT
2024-12-22 00:00:00,97292.0,97448.08,97052.0,97253.01,422.37636,1734829199999,41067564.0397424,174251,204.45927,19880461.1685493,0,0.0001,0,BTCUSDT
2024-12-22 00:00:00,97292.0,97448.08,97052.0,97253.01,422.37636,1734829199999,41067564.0397424,174251,204.45927,19880461.1685493,0,0.0001,0,BTCUSDT
2024-12-22 01:00:00,97253.01,97432.69,96720.0,97060.01,447.72923,1734832799999,43479775.6053324,168792,199.1725,19339225.6711502,0,0.0,0,BTCUSDT
2024-12-22 02:00:00,97060.0,97236.18,96613.18,96719.99,371.81103,1734836399999,36012946.3566195,140657,165.39006,16020669.4738045,0,0.0,0,BTCUSDT
2024-12-22 03:00:00,96719.99,97320.0,96549.37,96994.37,606.61122,1734839999999,58803556.2518438,161918,315.0167,30543683.7801521,0,0.0,0,BTCUSDT
2024-12-22 04:00:00,96994.37,97071.97,96072.0,96076.01,713.4718,1734843599999,68837997.7982119,152952,280.84786,27098962.3010371,0,0.0,0,BTCUSDT
2024-12-22 05:00:00,96076.01,96409.64,95890.28,96156.19,1122.09453,1734847199999,107891916.9426234,191687,478.01935,45963479.7236129,0,0.0,0,BTCUSDT
2024-12-22 06:00:00,96156.19,96749.99,96112.0,96739.99,591.16867,1734850799999,57037595.6075806,105840,310.92321,30000080.3551782,0,0.0,0,BTCUSDT
2024-12-22 07:00:00,96740.0,96847.99,96080.0,96210.24,554.68137,1734854399999,53462917.2543718,109138,219.62851,21171783.8973805,0,0.0,0,BTCUSDT
2024-12-22 08:00:00,96210.25,96689.55,96196.85,96534.5,503.87812,1734857999999,48618856.4259208,127816,285.48215,27541892.1983026,0,0.0001,0,BTCUSDT
2024-12-22 09:00:00,96534.51,97256.02,96333.5,96940.27,777.26357,1734861599999,75323228.1487814,128718,373.39563,36177261.5947907,0,0.0,0,BTCUSDT
2024-12-22 10:00:00,96940.27,97351.57,96852.0,97009.03,522.54613,1734865199999,50749811.8383221,98789,287.88746,27960079.2857937,0,0.0,0,BTCUSDT
2024-12-22 11:00:00,97009.03,97334.25,96988.0,97101.28,381.30098,1734868799999,37055159.1876396,71120,200.80186,19516424.0445853,0,0.0,0,BTCUSDT
2024-12-22 12:00:00,97101.29,97300.0,96836.36,96987.61,442.59499,1734872399999,42964148.6367806,105529,193.29127,18763863.5298797,0,0.0,0,BTCUSDT
2024-12-22 13:00:00,96987.61,97250.0,96850.0,96976.0,512.0706,1734875999999,49691327.8099482,109050,252.15027,24468137.7828074,0,0.0,0,BTCUSDT
2024-12-22 14:00:00,96976.0,97044.02,95254.77,95363.44,2055.07585,1734879599999,197161261.839939,345054,914.15075,87714484.760391,0,0.0,0,BTCUSDT
2024-12-22 15:00:00,95363.44,95660.8,95109.13,95377.72,1435.1653,1734883199999,136907312.7247315,269983,760.85475,72584137.7540907,0,0.0,0,BTCUSDT
2024-12-22 16:00:00,95377.71,95888.09,95200.0,95715.09,972.83507,1734886799999,92987226.1771846,161616,518.89197,49600458.4139137,0,0.0001,0,BTCUSDT
2024-12-22 17:00:00,95715.09,95854.54,95457.62,95612.19,554.90428,1734890399999,53096932.8144451,102968,277.7954,26582398.5057362,0,0.0,0,BTCUSDT
2024-12-22 18:00:00,95612.18,96444.45,95371.96,95955.22,987.27141,1734893999999,94764923.6392324,150449,500.52127,48040749.343946,0,0.0,0,BTCUSDT
2024-12-22 19:00:00,95955.23,96152.0,94700.0,94836.55,1395.29769,1734897599999,133030381.8637593,187445,586.96659,55964891.8811222,0,0.0,0,BTCUSDT
2024-12-22 20:00:00,94836.55,95624.0,94424.0,95592.49,1089.42566,1734901199999,103400237.4163528,154987,596.51105,56631281.8568358,0,0.0,0,BTCUSDT
2024-12-22 21:00:00,95592.49,95740.0,95069.03,95203.11,734.29415,1734904799999,70114650.3357413,112281,338.22918,32295069.7636873,0,0.0,0,BTCUSDT
2024-12-22 22:00:00,95203.1,95640.0,94250.35,95547.41,1382.4143,1734908399999,131234482.1815229,151241,709.35475,67353867.408204,0,0.0,0,BTCUSDT
2024-12-22 23:00:00,95547.42,95824.0,95024.0,95186.27,777.54805,1734911999999,74125655.4637724,151270,323.65568,30868533.2678197,0,0.0,0,BTCUSDT
2024-12-23 00:00:00,95186.28,95410.77,94333.33,94390.84,1150.62099,1734915599999,109025603.070961,211845,563.71345,53405445.6704384,0,9.629e-05,0,BTCUSDT
2024-12-23 00:00:00,95186.28,95410.77,94333.33,94390.84,1150.62099,1734915599999,109025603.070961,211845,563.71345,53405445.6704384,0,9.629e-05,0,BTCUSDT
2024-12-23 01:00:00,94390.83,95130.01,93771.37,94449.99,1808.05684,1734919199999,170667780.7074302,303323,809.0743,76402744.5630111,0,0.0,0,BTCUSDT
2024-12-23 02:00:00,94450.0,94786.45,93700.42,94723.96,1620.88771,1734922799999,152691842.5154446,320499,877.59117,82685370.9855575,0,0.0,0,BTCUSDT
2024-12-23 03:00:00,94723.96,96043.99,94610.76,96025.15,1448.87686,1734926399999,138319835.3017518,267997,812.60931,77572680.3020703,0,0.0,0,BTCUSDT
2024-12-23 04:00:00,96025.15,96509.98,95644.0,95832.03,912.1742,1734929999999,87667838.3987538,184404,465.72241,44766481.8012063,0,0.0,0,BTCUSDT
2024-12-23 05:00:00,95832.02,95961.53,95352.21,95608.02,1320.33706,1734933599999,126258704.7380472,141318,1022.57116,97778596.4354314,0,0.0,0,BTCUSDT
2024-12-23 06:00:00,95608.01,95650.76,94705.07,94824.83,941.38747,1734937199999,89559484.0603045,200335,462.88192,44034170.8729846,0,0.0,0,BTCUSDT
2024-12-23 07:00:00,94824.83,95579.62,94824.83,95404.01,745.23607,1734940799999,70952862.1880067,181807,377.78506,35966646.0480419,0,0.0,0,BTCUSDT
2024-12-23 08:00:00,95404.01,95554.88,95036.77,95503.87,612.57094,1734944399999,58398613.4347608,152540,287.07903,27368249.9939108,0,0.0001,0,BTCUSDT
2024-12-23 09:00:00,95503.87,96167.98,95493.22,96013.72,893.03527,1734947999999,85694735.632369,207701,485.77914,46611882.3687379,0,0.0,0,BTCUSDT
2024-12-23 10:00:00,96013.72,96445.17,95962.26,96392.39,943.52748,1734951599999,90715678.8035364,161135,503.7816,48438219.6159372,0,0.0,0,BTCUSDT
2024-12-23 11:00:00,96392.4,96538.92,95819.79,95932.42,571.71903,1734955199999,54961063.1436008,145522,289.71958,27858639.7254476,0,0.0,0,BTCUSDT
2024-12-23 12:00:00,95932.41,96423.0,95864.8,96305.0,862.92265,1734958799999,83003193.548997,117401,423.99501,40784308.8442556,0,0.0,0,BTCUSDT
2024-12-23 13:00:00,96305.0,96350.0,94832.93,94924.34,1162.5376,1734962399999,110919341.1152207,265046,487.91073,46561053.3864475,0,0.0,0,BTCUSDT
2024-12-23 14:00:00,94924.35,95621.54,93700.01,94389.67,3351.51629,1734965999999,316595523.4384939,352333,1287.06725,121717798.4651643,0,0.0,0,BTCUSDT
2024-12-23 15:00:00,94389.67,94430.89,93107.52,93250.37,2940.01344,1734969599999,275277810.742223,376280,1350.42492,126403627.3981199,0,0.0,0,BTCUSDT
2024-12-23 16:00:00,93250.38,94260.0,92928.82,93980.61,2356.01885,1734973199999,220170862.75532407,320931,1134.50598,106069721.669134,0,0.0001,0,BTCUSDT
2024-12-23 17:00:00,93980.61,94135.47,93206.79,93364.26,1328.46895,1734976799999,124294065.6749581,277864,640.32003,59907765.7968265,0,0.0,0,BTCUSDT
2024-12-23 18:00:00,93364.26,93747.66,92690.0,92758.55,1297.92664,1734980399999,120959311.1393429,233023,617.70674,57590219.2145711,0,0.0,0,BTCUSDT
2024-12-23 19:00:00,92758.54,93710.03,92702.0,93044.79,1253.88219,1734983999999,116902804.294997,217248,641.58459,59815560.4136092,0,0.0,0,BTCUSDT
2024-12-23 20:00:00,93044.79,93530.01,92520.0,93186.34,1794.60092,1734987599999,166765291.4374318,255738,931.01589,86537199.4776026,0,0.0,0,BTCUSDT
2024-12-23 21:00:00,93186.34,94305.61,93181.83,93964.01,1407.12075,1734991199999,132194301.5848031,243203,715.63042,67215626.4251692,0,0.0,0,BTCUSDT
2024-12-23 22:00:00,93964.01,95191.81,93911.5,95191.81,1019.60575,1734994799999,96453372.9136025,152484,579.62294,54837764.8115938,0,0.0,0,BTCUSDT
2024-12-23 23:00:00,95191.8,95509.09,94683.81,94881.47,1067.72308,1734998399999,101557292.8542023,174942,571.49092,54377515.4591004,0,0.0,0,BTCUSDT
2024-12-24 00:00:00,94881.47,94881.47,94131.11,94550.22,955.84079,1735001999999,90279023.3019974,187102,449.3696,42440273.6666215,0,8.981e-05,0,BTCUSDT
2024-12-24 00:00:00,94881.47,94881.47,94131.11,94550.22,955.84079,1735001999999,90279023.3019974,187102,449.3696,42440273.6666215,0,8.981e-05,0,BTCUSDT
2024-12-24 01:00:00,94550.23,94672.0,94036.0,94123.43,567.58156,1735005599999,53549352.9028931,157351,268.15219,25303460.4690959,0,0.0,0,BTCUSDT
2024-12-24 02:00:00,94123.43,94320.0,93569.02,93961.45,879.60295,1735009199999,82634008.4921306,175959,411.50143,38659933.4031588,0,0.0,0,BTCUSDT
2024-12-24 03:00:00,93961.45,94400.0,93810.02,94348.75,732.7987,1735012799999,68971271.4353248,134449,394.80723,37150796.0533482,0,0.0,0,BTCUSDT
2024-12-24 04:00:00,94348.75,94416.0,94052.7,94412.3,546.31234,1735016399999,51500435.0055412,114445,249.62534,23532341.5142428,0,0.0,0,BTCUSDT
2024-12-24 05:00:00,94412.3,94653.45,94311.55,94606.06,412.67676,1735019999999,39005395.0212379,86061,201.48945,19045057.6798309,0,0.0,0,BTCUSDT
2024-12-24 06:00:00,94606.06,94606.07,93830.47,93918.99,591.5778,1735023599999,55776992.2000091,109895,270.87594,25540241.6529454,0,0.0,0,BTCUSDT
2024-12-24 07:00:00,93918.99,94313.61,93810.45,94233.19,448.92608,1735027199999,42232483.5966467,96149,252.38883,23741805.2409078,0,0.0,0,BTCUSDT
2024-12-24 08:00:00,94233.2,94635.7,94125.42,94495.77,633.45604,1735030799999,59825157.2660185,115575,349.3144,32991992.8224361,0,0.0001,0,BTCUSDT
2024-12-24 09:00:00,94495.77,94530.42,93952.0,94068.01,446.78916,1735034399999,42079927.4486034,117595,177.70335,16734607.3011112,0,0.0,0,BTCUSDT
2024-12-24 10:00:00,94068.01,94194.07,93840.0,93972.01,389.62902,1735037999999,36617296.6118785,71022,161.59243,15186165.7703417,0,0.0,0,BTCUSDT
2024-12-24 11:00:00,93972.01,94425.7,93934.69,94398.6,466.22641,1735041599999,43919610.137694,62277,203.9538,19216362.0886301,0,0.0,0,BTCUSDT
2024-12-24 12:00:00,94398.6,94410.39,94075.1,94304.32,421.20785,1735045199999,39689372.0139014,60053,137.10928,12919332.3740429,0,0.0,0,BTCUSDT
2024-12-24 13:00:00,94305.84,96094.0,94289.24,96085.02,1620.10206,1735048799999,154227052.7888576,166024,1014.55868,96560394.2284411,0,0.0,0,BTCUSDT
2024-12-24 14:00:00,96085.02,97498.64,95864.5,97465.06,2637.73752,1735052399999,255206313.36666447,306333,1426.06387,138000996.5591933,0,0.0,0,BTCUSDT
2024-12-24 15:00:00,97465.06,98300.0,97235.55,98300.0,2291.31734,1735055999999,223822085.94807687,244719,1219.3226,119117069.1252278,0,0.0,0,BTCUSDT
2024-12-24 16:00:00,98299.99,98666.0,97964.0,98496.23,2172.24903,1735059599999,213503911.065772,205474,995.37403,97861204.7155895,0,0.0001,0,BTCUSDT
2024-12-24 17:00:00,98496.23,99030.72,98325.78,98797.47,1789.42098,1735063199999,176681814.0799736,217436,970.93145,95893788.8929378,0,0.0,0,BTCUSDT
2024-12-24 18:00:00,98797.47,99487.99,98418.16,98618.66,1479.28279,1735066799999,146327644.3417137,190220,755.84549,74788023.7046843,0,0.0,0,BTCUSDT
2024-12-24 19:00:00,98618.66,98743.52,97546.57,97581.09,1005.96025,1735070399999,98730771.2564327,122517,413.80525,40607512.951444,0,0.0,0,BTCUSDT
2024-12-24 20:00:00,97581.1,98056.27,97250.0,97298.01,1248.65596,1735073999999,121938120.8990496,193356,620.55558,60615202.7609515,0,0.0,0,BTCUSDT
2024-12-24 21:00:00,97298.02,98462.28,97277.9,98397.96,791.97528,1735077599999,77649243.4185843,115254,465.97098,45698670.2099895,0,0.0,0,BTCUSDT
2024-12-24 22:00:00,98397.95,99068.9,98355.43,98777.11,751.43045,1735081199999,74180186.0809028,107086,372.31497,36756651.4893465,0,0.0,0,BTCUSDT
2024-12-24 23:00:00,98777.1,99019.1,98492.67,98663.58,393.46776,1735084799999,38866956.0265716,65197,186.62773,18436289.9078074,0,0.0,0,BTCUSDT
2024-12-25 00:00:00,98663.58,98878.44,98393.6,98418.42,715.4247,1735088399999,70528141.9827724,124496,268.82166,26506155.1485536,0,0.0001,0,BTCUSDT
2024-12-25 00:00:00,98663.58,98878.44,98393.6,98418.42,715.4247,1735088399999,70528141.9827724,124496,268.82166,26506155.1485536,0,0.0001,0,BTCUSDT
2024-12-25 01:00:00,98418.42,98597.6,97901.08,97983.18,598.005,1735091999999,58737419.4405836,122130,234.98764,23084194.4050408,0,0.0,0,BTCUSDT
2024-12-25 02:00:00,97983.17,98353.99,97725.27,98131.07,593.82651,1735095599999,58221768.4592935,119052,279.35558,27388789.5271575,0,0.0,0,BTCUSDT
2024-12-25 03:00:00,98131.07,98280.02,97930.53,98029.48,439.76979,1735099199999,43154994.3289782,110127,247.02976,24241681.6052623,0,0.0,0,BTCUSDT
2024-12-25 04:00:00,98029.49,98354.39,97875.91,98236.01,336.98364,1735102799999,33077697.1526918,76794,181.3585,17801235.9110157,0,0.0,0,BTCUSDT
2024-12-25 05:00:00,98236.01,98360.65,98159.09,98279.28,255.48309,1735106399999,25103919.5200696,59756,108.71073,10681801.2528548,0,0.0,0,BTCUSDT
2024-12-25 06:00:00,98279.28,98581.9,97844.18,97884.38,454.7094,1735109999999,44639911.2653128,108466,192.94399,18949062.6564704,0,0.0,0,BTCUSDT
2024-12-25 07:00:00,97884.39,98366.79,97873.49,98084.33,407.46219,1735113599999,39970611.1571866,90484,189.36632,18572211.9623963,0,0.0,0,BTCUSDT
2024-12-25 08:00:00,98084.33,98271.76,97926.99,98069.71,389.9017,1735117199999,38251627.3222393,67274,197.04788,19331497.2312552,0,0.0001,0,BTCUSDT
2024-12-25 09:00:00,98069.72,98265.07,98007.69,98189.54,332.61032,1735120799999,32631351.3376576,68784,174.38715,17108151.5111263,0,0.0,0,BTCUSDT
2024-12-25 10:00:00,98189.55,99349.31,98145.75,98457.0,1287.95699,1735124399999,127260143.546167,278487,725.80203,71712366.0755828,0,0.0,0,BTCUSDT
2024-12-25 11:00:00,98456.99,98866.77,97773.83,97907.61,1015.89784,1735127999999,99900719.6017946,193858,342.62162,33710902.5910162,0,0.0,0,BTCUSDT
2024-12-25 12:00:00,97907.61,98610.11,97632.02,98176.03,1309.0598,1735131599999,128463741.8703265,318236,692.81652,67987357.1252151,0,0.0,0,BTCUSDT
2024-12-25 13:00:00,98176.02,98609.89,98131.85,98462.56,455.54429,1735135199999,44832339.37621,165721,214.65696,21121842.4075085,0,0.0,0,BTCUSDT
2024-12-25 14:00:00,98462.57,98832.89,98257.32,98710.0,550.83181,1735138799999,54332314.6555681,186096,266.80225,26318705.0811535,0,0.0,0,BTCUSDT
2024-12-25 15:00:00,98710.0,98724.0,98202.43,98519.98,527.91917,1735142399999,51998813.7861675,178672,239.01443,23539280.436592,0,0.0,0,BTCUSDT
2024-12-25 16:00:00,98519.99,98696.4,98134.4,98425.51,508.99836,1735145999999,50067623.8187029,170154,272.89539,26842371.4660455,0,0.0001,0,BTCUSDT
2024-12-25 17:00:00,98425.5,98659.0,98185.21,98570.82,344.11537,1735149599999,33876016.3705296,101756,164.1965,16165999.5650707,0,0.0,0,BTCUSDT
2024-12-25 18:00:00,98570.82,98978.18,98544.22,98756.26,567.60019,1735153199999,56089155.3501749,98700,251.2814,24827721.9289766,0,0.0,0,BTCUSDT
2024-12-25 19:00:00,98756.26,99299.99,98734.66,99018.52,674.13162,1735156799999,66798675.8441241,117167,397.31196,39368385.8222453,0,0.0,0,BTCUSDT
2024-12-25 20:00:00,99018.52,99400.0,98870.95,99144.62,542.46107,1735160399999,53783976.5740332,109792,309.10642,30647458.8447038,0,0.0,0,BTCUSDT
2024-12-25 21:00:00,99144.62,99555.0,98384.61,98506.36,873.33545,1735163999999,86360937.6635374,173522,483.78871,47868319.6235202,0,0.0,0,BTCUSDT
2024-12-25 22:00:00,98506.37,99100.0,98434.78,98811.16,466.6863,1735167599999,46087562.0154016,101269,225.46007,22262395.1331379,0,0.0,0,BTCUSDT
2024-12-25 23:00:00,98811.16,99569.15,98811.16,99429.6,825.4505,1735171199999,81974513.6098408,142235,346.76303,34427169.2752849,0,0.0,0,BTCUSDT
2024-12-26 00:00:00,99429.61,99963.7,98955.77,99028.66,1112.66226,1735174799999,110703637.0317542,298864,619.53111,61664169.5721332,0,0.0001,0,BTCUSDT
2024-12-26 00:00:00,99429.61,99963.7,98955.77,99028.66,1112.66226,1735174799999,110703637.0317542,298864,619.53111,61664169.5721332,0,0.0001,0,BTCUSDT
2024-12-26 01:00:00,99028.66,99250.0,98590.0,99057.01,842.68396,1735178399999,83324342.4268649,224428,429.57709,42475592.2795671,0,0.0,0,BTCUSDT
2024-12-26 02:00:00,99057.02,99194.21,98468.26,98750.34,755.75962,1735181999999,74720672.9071163,196830,348.42749,34448332.5232162,0,0.0,0,BTCUSDT
2024-12-26 03:00:00,98750.34,99167.12,98576.77,98995.17,627.92857,1735185599999,62067714.0684849,178255,330.8979,32712746.9608956,0,0.0,0,BTCUSDT
2024-12-26 04:00:00,98995.18,98995.18,98255.0,98300.0,629.92754,1735189199999,62070856.6069994,157256,254.82696,25107971.8533166,0,0.0,0,BTCUSDT
2024-12-26 05:00:00,98300.0,98460.0,98076.58,98375.01,634.59553,1735192799999,62360397.994731,103936,300.03696,29486371.9367028,0,0.0,0,BTCUSDT
2024-12-26 06:00:00,98375.01,98484.0,98023.1,98121.2,471.41543,1735196399999,46291749.7708695,98828,207.50844,20375923.6481461,0,0.0,0,BTCUSDT
2024-12-26 07:00:00,98121.21,98292.0,97711.17,97719.99,802.99524,1735199999999,78674712.3165565,143084,304.37773,29825979.2992459,0,0.0,0,BTCUSDT
2024-12-26 08:00:00,97719.99,97772.13,95616.18,95878.56,3318.24181,1735203599999,320318912.6570279,519832,1417.71588,136782600.1358984,0,9.827e-05,0,BTCUSDT
2024-12-26 09:00:00,95878.56,95978.52,95420.26,95439.25,1084.30994,1735207199999,103730630.4918742,263016,456.59832,43687656.9197025,0,0.0,0,BTCUSDT
2024-12-26 10:00:00,95439.4,95777.4,95199.14,95500.02,836.54692,1735210799999,79859215.8095418,195275,406.32379,38789481.1769183,0,0.0,0,BTCUSDT
2024-12-26 11:00:00,95500.02,96035.5,95469.53,95695.81,817.15898,1735214399999,78275311.0300821,152060,477.12828,45703572.6241343,0,0.0,0,BTCUSDT
2024-12-26 12:00:00,95695.81,95880.6,95462.57,95680.71,526.11877,1735217999999,50313970.5452434,178049,235.75556,22547443.913995,0,0.0,0,BTCUSDT
2024-12-26 13:00:00,95680.71,95772.9,95288.0,95704.44,919.98638,1735221599999,87851200.4177669,207372,368.73108,35219530.8478693,0,0.0,0,BTCUSDT
2024-12-26 14:00:00,95704.45,96280.25,95234.93,95449.36,1656.27872,1735225199999,158550709.2137541,410766,914.42819,87545827.8893698,0,0.0,0,BTCUSDT
2024-12-26 15:00:00,95449.36,96216.91,95270.0,96042.88,1165.18448,1735228799999,111652445.2428069,443285,578.83274,55477830.533307,0,0.0,0,BTCUSDT
2024-12-26 16:00:00,96042.89,96621.95,95816.86,96519.47,1018.76508,1735232399999,98014248.2085226,316437,535.98576,51562063.6235683,0,7.453e-05,0,BTCUSDT
2024-12-26 17:00:00,96519.47,96547.99,95680.0,95824.27,772.56303,1735235999999,74237924.1770698,261365,359.54574,34552807.3735318,0,0.0,0,BTCUSDT
2024-12-26 18:00:00,95824.27,95986.4,95458.66,95743.44,530.9501,1735239599999,50827269.3761829,164373,255.45947,24456394.4376954,0,0.0,0,BTCUSDT
2024-12-26 19:00:00,95743.44,96198.58,95444.44,96102.25,569.90971,1735243199999,54536830.3006665,159368,285.11464,27289726.5516045,0,0.0,0,BTCUSDT
2024-12-26 20:00:00,96102.24,96114.46,95400.0,95589.6,630.68028,1735246799999,60314209.2683802,189933,296.26242,28330261.9729633,0,0.0,0,BTCUSDT
2024-12-26 21:00:00,95589.6,95933.74,95302.0,95812.63,597.64881,1735250399999,57149987.7745797,143387,309.99802,29642458.8234654,0,0.0,0,BTCUSDT
2024-12-26 22:00:00,95812.63,95963.86,95625.0,95821.92,326.30061,1735253999999,31260085.1952255,66805,140.51483,13461817.3090204,0,0.0,0,BTCUSDT
2024-12-26 23:00:00,95821.92,95887.99,95372.32,95791.6,543.7555,1735257599999,52016534.5546712,130686,238.29409,22794053.9229771,0,0.0,0,BTCUSDT
2024-12-27 00:00:00,95791.6,95930.39,95401.03,95794.56,627.70553,1735261199999,60067349.1862824,138149,288.70366,27627157.999325,0,8.585e-05,0,BTCUSDT
2024-12-27 00:00:00,95791.6,95930.39,95401.03,95794.56,627.70553,1735261199999,60067349.1862824,138149,288.70366,27627157.999325,0,8.585e-05,0,BTCUSDT
2024-12-27 01:00:00,95794.55,96250.0,95575.07,95917.03,726.33893,1735264799999,69683412.4433146,156345,374.27431,35903607.8071195,0,0.0,0,BTCUSDT
2024-12-27 02:00:00,95917.02,96443.68,95718.75,96073.77,973.05088,1735268399999,93593669.0267988,191616,481.93972,46350200.6069825,0,0.0,0,BTCUSDT
2024-12-27 03:00:00,96073.77,96443.0,95982.51,96417.84,608.14876,1735271999999,58547021.9765111,159863,237.04811,22822246.5605927,0,0.0,0,BTCUSDT
2024-12-27 04:00:00,96417.84,96595.98,96229.39,96300.0,892.67108,1735275599999,86100729.2166206,166444,530.09553,51131757.9249387,0,0.0,0,BTCUSDT
2024-12-27 05:00:00,96300.01,96333.77,96001.0,96238.89,623.74969,1735279199999,59965841.1280413,136403,292.84731,28153858.7662298,0,0.0,0,BTCUSDT
2024-12-27 06:00:00,96238.89,96594.44,96107.28,96594.16,389.55148,1735282799999,37542079.1671985,122019,193.79981,18677818.6285482,0,0.0,0,BTCUSDT
2024-12-27 07:00:00,96594.17,96604.24,94646.03,95104.76,2694.55677,1735286399999,256635564.8000129,377862,1228.48226,116955794.4997836,0,0.0,0,BTCUSDT
2024-12-27 08:00:00,95104.76,96395.0,95104.76,95724.02,1419.07808,1735289999999,136043907.6648954,330740,715.36305,68560335.1392824,0,0.0001,0,BTCUSDT
2024-12-27 09:00:00,95724.01,97544.58,95674.0,96774.13,2345.4349,1735293599999,227536581.2466048,458878,1346.02702,130562953.383673,0,0.0,0,BTCUSDT
2024-12-27 10:00:00,96774.14,97029.25,96195.2,96605.46,732.07575,1735297199999,70704606.8142797,240361,397.36123,38383045.2785517,0,0.0,0,BTCUSDT
2024-12-27 11:00:00,96605.46,96953.71,96377.77,96952.38,466.91984,1735300799999,45120077.4376213,165588,271.63546,26252038.4217268,0,0.0,0,BTCUSDT
2024-12-27 12:00:00,96952.38,97035.8,96617.64,96686.75,616.98763,1735304399999,59732754.1790149,178842,311.63157,30166502.4641505,0,0.0,0,BTCUSDT
2024-12-27 13:00:00,96686.74,96686.74,96229.66,96407.99,791.8893,1735307999999,76350767.982275,243289,314.02745,30282471.7341275,0,0.0,0,BTCUSDT
2024-12-27 14:00:00,96407.99,96480.0,95161.17,95691.99,1516.74425,1735311599999,145263837.1210869,410837,707.26432,67720589.3166384,0,0.0,0,BTCUSDT
2024-12-27 15:00:00,95692.0,95718.13,94011.11,94573.75,3500.11218,1735315199999,331156476.91461927,637256,1520.31686,143802062.1254447,0,0.0,0,BTCUSDT
2024-12-27 16:00:00,94573.75,94996.16,94101.02,94165.92,1635.42881,1735318799999,154438004.8415317,406654,846.2146,79909276.3987143,0,0.0001,0,BTCUSDT
2024-12-27 17:00:00,94165.92,94354.82,93500.01,94291.3,2312.03777,1735322399999,217230718.0094558,342430,1139.33188,107078509.5550239,0,0.0,0,BTCUSDT
2024-12-27 18:00:00,94291.3,94770.15,94212.3,94566.06,756.45526,1735325999999,71506061.9688845,190075,419.86632,39688653.0015939,0,0.0,0,BTCUSDT
2024-12-27 19:00:00,94566.05,94810.07,94252.0,94750.0,575.05533,1735329599999,54341161.3772083,163745,303.17413,28652946.5127896,0,0.0,0,BTCUSDT
2024-12-27 20:00:00,94750.11,94778.43,94313.82,94588.12,742.35545,1735333199999,70165709.304388,161124,409.59789,38711921.2220609,0,0.0,0,BTCUSDT
2024-12-27 21:00:00,94588.12,94823.09,94379.35,94526.07,397.53728,1735336799999,37612185.9933442,119122,157.14783,14868614.2116708,0,0.0,0,BTCUSDT
2024-12-27 22:00:00,94526.07,94674.5,94200.0,94437.75,459.69514,1735340399999,43422556.3250446,98780,188.3623,17791969.7903376,0,0.0,0,BTCUSDT
2024-12-27 23:00:00,94437.75,94526.09,94100.6,94299.03,697.6842,1735343999999,65806775.6544268,122444,271.00395,25569407.7085125,0,0.0,0,BTCUSDT
2024-12-28 00:00:00,94299.03,94544.35,94243.32,94398.75,435.25082,1735347599999,41083196.3364916,155242,204.23228,19277039.9538107,0,0.0001,0,BTCUSDT
2024-12-28 00:00:00,94299.03,94544.35,94243.32,94398.75,435.25082,1735347599999,41083196.3364916,155242,204.23228,19277039.9538107,0,0.0001,0,BTCUSDT
2024-12-28 01:00:00,94398.75,94615.24,94135.66,94556.93,377.17171,1735351199999,35588219.5533841,150451,169.52263,15994393.0034524,0,0.0,0,BTCUSDT
2024-12-28 02:00:00,94556.92,94619.0,94276.01,94338.0,288.78768,1735354799999,27289454.8965518,87638,123.15718,11639543.4229997,0,0.0,0,BTCUSDT
2024-12-28 03:00:00,94338.0,94720.0,94335.88,94594.91,240.31584,1735358399999,22730123.2413512,75817,133.64638,12640895.2270553,0,0.0,0,BTCUSDT
2024-12-28 04:00:00,94594.91,94643.87,94511.71,94524.0,185.04174,1735361999999,17500867.0622999,54946,72.79028,6884526.2209535,0,0.0,0,BTCUSDT
2024-12-28 05:00:00,94524.0,94800.0,94523.99,94625.64,245.8186,1735365599999,23274414.9900197,72754,132.09669,12506925.9438474,0,0.0,0,BTCUSDT
2024-12-28 06:00:00,94625.64,94724.88,94405.28,94466.49,304.41114,1735369199999,28776873.4811048,95786,158.51061,14984389.7600802,0,0.0,0,BTCUSDT
2024-12-28 07:00:00,94466.49,94634.25,94307.0,94381.99,235.91255,1735372799999,22286925.8086894,78972,128.71972,12159468.1616866,0,0.0,0,BTCUSDT
2024-12-28 08:00:00,94381.98,94539.43,94312.67,94488.01,189.15654,1735376399999,17863434.3055329,67297,106.47972,10055355.5876976,0,0.0001,0,BTCUSDT
2024-12-28 09:00:00,94488.01,94692.3,94488.01,94589.27,281.34727,1735379999999,26619533.6261497,62343,143.6681,13592022.4551195,0,0.0,0,BTCUSDT
2024-12-28 10:00:00,94589.28,94716.06,94502.21,94619.99,276.54014,1735383599999,26170047.6502861,82217,123.40107,11678160.0975362,0,0.0,0,BTCUSDT
2024-12-28 11:00:00,94620.0,94883.0,94600.0,94754.83,316.63364,1735387199999,29986805.8055762,87534,149.65101,14173415.1408057,0,0.0,0,BTCUSDT
2024-12-28 12:00:00,94754.83,94880.0,94577.66,94599.57,294.25135,1735390799999,27868357.6837418,99642,137.74859,13047247.5518246,0,0.0,0,BTCUSDT
2024-12-28 13:00:00,94599.56,94761.33,94496.73,94665.94,394.23476,1735394399999,37313307.7146443,114847,202.34354,19152651.8720393,0,0.0,0,BTCUSDT
2024-12-28 14:00:00,94665.29,95340.36,94411.76,94583.99,905.83186,1735397999999,85951563.9620184,275373,487.08205,46233326.7987456,0,0.0,0,BTCUSDT
2024-12-28 15:00:00,94583.99,94819.57,94375.8,94447.29,418.82501,1735401599999,39622861.1367386,158949,209.22889,19796019.2276406,0,0.0,0,BTCUSDT
2024-12-28 16:00:00,94447.28,94923.06,94389.45,94874.89,556.98186,1735405199999,52688995.864883,154651,238.56145,22575515.96494,0,7.639e-05,0,BTCUSDT
2024-12-28 17:00:00,94874.89,95245.24,94810.51,95022.57,570.88991,1735408799999,54270172.0188126,211460,278.21934,26450511.6871497,0,0.0,0,BTCUSDT
2024-12-28 18:00:00,95022.58,95100.0,94715.16,94837.31,305.64776,1735412399999,29016681.8250968,106075,156.49634,14858754.7075228,0,0.0,0,BTCUSDT
2024-12-28 19:00:00,94837.31,95138.05,94837.3,95027.76,265.45992,1735415999999,25221704.1648393,95770,152.39715,14478879.7013155,0,0.0,0,BTCUSDT
2024-12-28 20:00:00,95027.75,95151.13,94878.26,95083.05,193.31417,1735419599999,18359960.4016244,90750,104.56557,9930792.2640962,0,0.0,0,BTCUSDT
2024-12-28 21:00:00,95083.05,95223.72,94968.86,95171.67,208.89259,1735423199999,19857812.9875742,70843,104.51625,9935739.6991134,0,0.0,0,BTCUSDT
2024-12-28 22:00:00,95171.67,95733.99,95047.11,95326.4,556.46419,1735426799999,53037506.5668207,135253,322.29991,30720369.7967407,0,0.0,0,BTCUSDT
2024-12-28 23:00:00,95326.4,95408.9,95112.43,95300.0,338.71185,1735430399999,32272803.750724,147451,164.26401,15650397.8819938,0,0.0,0,BTCUSDT
2024-12-29 00:00:00,95300.0,95340.0,95042.6,95148.49,283.78071,1735433999999,27008777.9938751,113146,137.05598,13043134.8606888,0,5.1729999999999994e-05,0,BTCUSDT
2024-12-29 00:00:00,95300.0,95340.0,95042.6,95148.49,283.78071,1735433999999,27008777.9938751,113146,137.05598,13043134.8606888,0,5.1729999999999994e-05,0,BTCUSDT
2024-12-29 01:00:00,95148.49,95210.22,94808.0,94857.65,316.3733,1735437599999,30047223.3631992,89106,112.13886,10650363.5371758,0,0.0,0,BTCUSDT
2024-12-29 02:00:00,94857.66,95211.88,94851.25,95154.5,237.18289,1735441199999,22550830.8101549,67124,114.24323,10861653.8413502,0,0.0,0,BTCUSDT
2024-12-29 03:00:00,95154.5,95221.69,94978.33,95172.4,215.77474,1735444799999,20520179.7786793,55923,94.77394,9013171.6791454,0,0.0,0,BTCUSDT
2024-12-29 04:00:00,95172.41,95283.99,95063.4,95126.39,211.832,1735448399999,20154519.375921,38912,56.96338,5419975.0373257,0,0.0,0,BTCUSDT
2024-12-29 05:00:00,95126.39,95199.97,95071.21,95118.89,135.90901,1735451999999,12928520.0723356,30402,53.52094,5091123.5463841,0,0.0,0,BTCUSDT
2024-12-29 06:00:00,95118.89,95212.0,94971.44,95181.7,270.97676,1735455599999,25772804.3233653,48500,99.92051,9503883.6739695,0,0.0,0,BTCUSDT
2024-12-29 07:00:00,95181.7,95272.05,95076.68,95272.04,257.21309,1735459199999,24481189.7026795,49759,122.07508,11619149.8313412,0,0.0,0,BTCUSDT
2024-12-29 08:00:00,95272.05,95315.5,95078.5,95123.33,184.58621,1735462799999,17564766.5646379,50386,89.47996,8514501.5807691,0,8.013e-05,0,BTCUSDT
2024-12-29 09:00:00,95123.33,95211.41,95048.3,95190.49,175.08412,1735466399999,16657786.9785082,34073,92.21595,8774287.8841325,0,0.0,0,BTCUSDT
2024-12-29 10:00:00,95190.5,95278.85,95102.76,95167.83,284.07406,1735469999999,27037511.0910347,41142,135.66413,12913415.2341962,0,0.0,0,BTCUSDT
2024-12-29 11:00:00,95167.83,95183.61,95010.0,95032.57,144.75849,1735473599999,13769747.343223,31911,60.95749,5798612.8076009,0,0.0,0,BTCUSDT
2024-12-29 12:00:00,95032.58,95130.24,94900.82,94907.89,264.05508,1735477199999,25083226.7365168,73810,104.77359,9953332.5971389,0,0.0,0,BTCUSDT
2024-12-29 13:00:00,94907.88,95015.18,94800.0,94928.2,484.06443,1735480799999,45937092.7928914,89532,177.81422,16877881.951751,0,0.0,0,BTCUSDT
2024-12-29 14:00:00,94928.2,95231.58,94010.0,94623.67,1574.50585,1735484399999,148836681.6469037,314999,736.30886,69575852.1448155,0,0.0,0,BTCUSDT
2024-12-29 15:00:00,94623.68,94794.79,94404.9,94511.12,558.58884,1735487999999,52847648.9495373,146023,252.62486,23903003.2263583,0,0.0,0,BTCUSDT
2024-12-29 16:00:00,94511.11,94578.89,93600.0,93900.01,1573.86589,1735491599999,147995662.1215154,250025,439.1949,41261552.1149201,0,0.0001,0,BTCUSDT
2024-12-29 17:00:00,93900.01,94117.5,93800.37,93945.01,611.15623,1735495199999,57428591.8110985,148004,306.50756,28803495.1400458,0,0.0,0,BTCUSDT
2024-12-29 18:00:00,93945.0,93945.01,93600.0,93652.0,863.75577,1735498799999,80985920.0948578,149829,389.64554,36536017.3439965,0,0.0,0,BTCUSDT
2024-12-29 19:00:00,93652.0,93880.0,93367.52,93612.89,991.70232,1735502399999,92808649.5700405,163656,318.40407,29804237.28912,0,0.0,0,BTCUSDT
2024-12-29 20:00:00,93612.89,93880.0,93345.0,93858.55,721.84653,1735505999999,67562883.0028829,177939,361.51077,33845120.6265548,0,0.0,0,BTCUSDT
2024-12-29 21:00:00,93858.55,93949.52,93121.0,93352.65,1034.06452,1735509599999,96740689.5576656,192575,406.19468,38020194.6626967,0,0.0,0,BTCUSDT
2024-12-29 22:00:00,93352.65,93770.41,93087.97,93135.32,1143.65741,1735513199999,106783604.7394312,201115,488.30649,45598144.2565568,0,0.0,0,BTCUSDT
2024-12-29 23:00:00,93135.32,93871.02,93009.52,93738.2,1037.19753,1735516799999,96866355.5558923,307947,501.0909,46813309.2347075,0,0.0,0,BTCUSDT
2024-12-30 00:00:00,93738.19,93908.24,93500.0,93583.96,575.76998,1735520399999,53920649.7605865,233984,282.22693,26432897.1994717,0,0.0001,0,BTCUSDT
2024-12-30 00:00:00,93738.19,93908.24,93500.0,93583.96,575.76998,1735520399999,53920649.7605865,233984,282.22693,26432897.1994717,0,0.0001,0,BTCUSDT
2024-12-30 01:00:00,93583.96,94274.29,93368.93,93948.42,1152.47209,1735523999999,108051429.6475829,304680,593.42738,55647892.0235305,0,0.0,0,BTCUSDT
2024-12-30 02:00:00,93948.41,93973.61,93413.72,93906.41,767.45195,1735527599999,71873905.744339,211542,383.20947,35889320.7069658,0,0.0,0,BTCUSDT
2024-12-30 03:00:00,93906.41,94080.0,93639.87,93722.71,402.93622,1735531199999,37826054.9415178,131417,178.44192,16753515.7895678,0,0.0,0,BTCUSDT
2024-12-30 04:00:00,93722.72,93979.45,93264.14,93280.26,563.78609,1735534799999,52773038.6690346,158805,254.79091,23866423.4215909,0,0.0,0,BTCUSDT
2024-12-30 05:00:00,93280.27,93581.53,93240.03,93581.53,472.45526,1735538399999,44114858.5707101,151424,243.75906,22760595.903622,0,0.0,0,BTCUSDT
2024-12-30 06:00:00,93581.53,94060.35,93517.38,93901.29,632.83617,1735541999999,59382862.1094038,165380,387.17927,36333661.0847523,0,0.0,0,BTCUSDT
2024-12-30 07:00:00,93901.29,93947.99,93319.99,93731.65,770.90489,1735545599999,72152164.549961,153708,339.50445,31791581.1774286,0,0.0,0,BTCUSDT
2024-12-30 08:00:00,93731.66,93967.21,93723.29,93851.11,373.2132,1735549199999,35022463.6363041,130233,199.06828,18680600.8017706,0,-4.2e-07,0,BTCUSDT
2024-12-30 09:00:00,93851.1,94023.84,93686.68,93892.35,459.50171,1735552799999,43132232.4705259,144230,208.80233,19600027.8229878,0,0.0,0,BTCUSDT
2024-12-30 10:00:00,93892.35,94068.56,93730.95,93793.27,304.04427,1735556399999,28544126.5989601,82150,134.27663,12606415.1113175,0,0.0,0,BTCUSDT
2024-12-30 11:00:00,93793.27,93953.09,93469.56,93923.14,547.14351,1735559999999,51280922.2529628,119059,255.04247,23905341.228586,0,0.0,0,BTCUSDT
2024-12-30 12:00:00,93923.14,94277.23,93722.06,93750.69,646.55159,1735563599999,60746808.6579143,157606,303.48596,28518981.2400237,0,0.0,0,BTCUSDT
2024-12-30 13:00:00,93750.68,93820.9,92613.0,92680.52,2283.46335,1735567199999,212660927.6044388,337948,863.20903,80376298.2356128,0,0.0,0,BTCUSDT
2024-12-30 14:00:00,92680.52,93120.0,91820.46,91883.99,3137.00815,1735570799999,289957460.5455252,527742,1156.54821,106975578.2776443,0,0.0,0,BTCUSDT
2024-12-30 15:00:00,91884.0,92473.32,91530.45,92130.21,3228.93941,1735574399999,296676266.5433473,420663,1673.29796,153743905.7322839,0,0.0,0,BTCUSDT
2024-12-30 16:00:00,92130.21,92227.17,91800.0,92120.6,1185.04222,1735577999999,109040804.8388163,233106,492.40956,45308432.5878718,0,8.791e-05,0,BTCUSDT
2024-12-30 17:00:00,92120.6,94200.0,91980.53,93832.83,2087.38638,1735581599999,194654226.18642431,344573,1173.997,109475799.072837,0,0.0,0,BTCUSDT
2024-12-30 18:00:00,93832.82,94684.09,93570.0,94583.99,1962.74282,1735585199999,185200942.23188487,351899,1086.22623,102491275.3524616,0,0.0,0,BTCUSDT
2024-12-30 19:00:00,94583.98,94622.75,93939.29,94417.04,895.80875,1735588799999,84471541.1838231,239964,422.00481,39795548.8735295,0,0.0,0,BTCUSDT
2024-12-30 20:00:00,94417.04,95024.5,94296.75,94338.8,1146.04057,1735592399999,108456476.8938935,246732,578.14243,54726004.4744663,0,0.0,0,BTCUSDT
2024-12-30 21:00:00,94338.8,94376.3,91901.57,92076.0,2274.79849,1735595999999,211271520.0489982,354189,993.18308,92146489.8625738,0,0.0,0,BTCUSDT
2024-12-30 22:00:00,92076.0,93027.69,91948.0,92784.75,1170.61959,1735599599999,108315452.2424237,236729,584.5595,54083881.843881,0,0.0,0,BTCUSDT
2024-12-30 23:00:00,92784.76,92893.4,92389.28,92792.05,578.50584,1735603199999,53598923.8400998,122800,305.40359,28298810.4275501,0,0.0,0,BTCUSDT
2024-12-31 00:00:00,92792.05,92907.03,92375.15,92450.0,584.04771,1735606799999,54103943.143722,133434,264.48323,24502834.7647403,0,0.0001,0,BTCUSDT
2024-12-31 00:00:00,92792.05,92907.03,92375.15,92450.0,584.04771,1735606799999,54103943.143722,133434,264.48323,24502834.7647403,0,0.0001,0,BTCUSDT
2024-12-31 01:00:00,92450.0,92575.76,92033.73,92435.57,1243.12207,1735610399999,114774414.8415203,151952,507.94721,46926680.3408525,0,0.0,0,BTCUSDT
2024-12-31 02:00:00,92435.73,92702.43,92303.21,92476.35,413.58133,1735613999999,38264123.1045048,99385,238.82245,22094799.5211964,0,0.0,0,BTCUSDT
2024-12-31 03:00:00,92476.35,92654.74,92250.0,92509.59,432.51551,1735617599999,39985914.0765359,90054,230.28429,21289411.808082,0,0.0,0,BTCUSDT
2024-12-31 04:00:00,92509.6,92832.29,92344.07,92448.0,508.87389,1735621199999,47100257.2725682,85367,278.26459,25765387.8895587,0,0.0,0,BTCUSDT
2024-12-31 05:00:00,92448.0,92750.0,92357.71,92596.08,330.97028,1735624799999,30647340.7207132,79274,184.65228,17098736.506923,0,0.0,0,BTCUSDT
2024-12-31 06:00:00,92596.08,93040.1,92568.5,92816.0,585.69313,1735628399999,54360813.5789386,93884,332.36645,30849305.7188028,0,0.0,0,BTCUSDT
2024-12-31 07:00:00,92816.0,92910.03,92770.0,92860.75,485.23565,1735631999999,45059075.3090525,61503,282.11043,26197557.4775072,0,0.0,0,BTCUSDT
2024-12-31 08:00:00,92860.75,94741.68,92842.88,93933.38,1778.41415,1735635599999,167169340.2237929,244054,941.08234,88408019.6240611,0,0.0001,0,BTCUSDT
2024-12-31 09:00:00,93933.38,94151.52,93831.24,94023.88,694.62156,1735639199999,65301423.4750504,147893,300.98977,28293834.5592559,0,0.0,0,BTCUSDT
2024-12-31 10:00:00,94023.88,94271.29,93664.06,94113.69,715.16946,1735642799999,67193684.1198094,116464,340.33247,31977579.9130587,0,0.0,0,BTCUSDT
2024-12-31 11:00:00,94113.69,94285.12,93984.0,94232.68,540.22294,1735646399999,50849923.3931171,67142,197.44897,18588065.3380386,0,0.0,0,BTCUSDT
2024-12-31 12:00:00,94232.68,94958.85,94232.67,94539.85,1252.18005,1735649999999,118512699.0527501,126463,714.61465,67637027.7267029,0,0.0,0,BTCUSDT
2024-12-31 13:00:00,94539.86,96054.79,94524.43,95587.12,1803.50187,1735653599999,172283206.8427356,222966,1065.18485,101745000.3845371,0,0.0,0,BTCUSDT
2024-12-31 14:00:00,95587.12,96250.0,95372.35,95679.17,1504.33717,1735657199999,143984672.6946324,265490,681.05537,65204009.4460287,0,0.0,0,BTCUSDT
2024-12-31 15:00:00,95679.17,95982.62,94909.12,95412.0,1362.37354,1735660799999,130045158.2476669,299740,580.5123,55428476.6991045,0,0.0,0,BTCUSDT
2024-12-31 16:00:00,95412.0,95590.52,94606.4,94868.42,1042.48497,1735664399999,99031477.9636168,187801,405.26425,38507453.1895136,0,0.0001,0,BTCUSDT
2024-12-31 17:00:00,94868.41,95047.71,93189.59,94120.94,1332.40373,1735667999999,125255037.0170004,272735,635.20796,59716688.082163,0,0.0,0,BTCUSDT
2024-12-31 18:00:00,94120.92,94416.72,93779.8,93875.68,816.81017,1735671599999,76860739.0854811,190573,399.45216,37599040.5574008,0,0.0,0,BTCUSDT
2024-12-31 19:00:00,93875.69,94290.91,93712.45,94166.88,462.79342,1735675199999,43506347.5750805,104273,253.35809,23818117.2703003,0,0.0,0,BTCUSDT
2024-12-31 20:00:00,94166.88,94222.5,93450.17,93564.04,733.04147,1735678799999,68753543.8972381,117956,344.26486,32282849.014595,0,0.0,0,BTCUSDT
2024-12-31 21:00:00,93564.01,93964.15,93504.67,93899.68,337.52715,1735682399999,31630123.2501504,68192,170.68198,15994494.2786128,0,0.0,0,BTCUSDT
2024-12-31 22:00:00,93899.67,93899.67,93375.58,93488.84,315.53272,1735685999999,29553641.2813655,53117,162.17454,15190852.5440756,0,0.0,0,BTCUSDT
2024-12-31 23:00:00,93488.83,93756.0,93375.38,93576.0,336.57995,1735689599999,31491901.7556609,68135,177.41226,16600098.9502905,0,0.0,0,BTCUSDT
2025-01-01 00:00:00,93576.0,94509.42,93489.03,94401.14,755.9901,1735693199999,71068810.5594638,93525,421.08319,39596777.7799259,0,0.0001,0,BTCUSDT
